Treatment;Site;Month;Network ID;Plant species ID;Floral abundance;Plant species name;Pollinator species;Number of visits
Restored;Bernica;1;Ber_1;Dillenia ferruginea;0,0625;Dillenia ferruginea;Lasioglossum mahense;1
Restored;Bernica;1;Ber_1;Dillenia ferruginea;0,0625;Dillenia ferruginea;near Eurycratus sp1;5
Restored;Bernica;1;Ber_1;Dillenia ferruginea;0,0625;Dillenia ferruginea;Stenomorda near disparilis;1
Restored;Bernica;1;Ber_1;Dillenia ferruginea;0,0625;Dillenia ferruginea;Mabuya seychellensis;1
Restored;Bernica;1;Ber_1;Erythroxylum sechellarum;0,1875;Erythroxylum sechellarum;Lasioglossum mahense;9
Restored;Bernica;1;Ber_1;Erythroxylum sechellarum;0,1875;Erythroxylum sechellarum;Apis mellifera;7
Restored;Bernica;1;Ber_1;Erythroxylum sechellarum;0,1875;Erythroxylum sechellarum;Amblypsilopus (?) sp. indet.;1
Restored;Bernica;1;Ber_1;Mimusops sechellarum;0,0750;Mimusops sechellarum;Lasioglossum mahense;1
Restored;Bernica;1;Ber_1;Mimusops sechellarum;0,0750;Mimusops sechellarum;Lygistorrhina sp;3
Restored;Bernica;1;Ber_1;Mimusops sechellarum;0,0750;Mimusops sechellarum;Apis mellifera;5
Restored;Bernica;1;Ber_1;Nephrosperma vanhoutteanum;0,2750;Nephrosperma vanhoutteanum;Musca domestica;9
Restored;Bernica;1;Ber_1;Nephrosperma vanhoutteanum;0,2750;Nephrosperma vanhoutteanum;Dermestidae sp1;4
Restored;Bernica;1;Ber_1;Nephrosperma vanhoutteanum;0,2750;Nephrosperma vanhoutteanum;Rhiparida seychellensis;15
Restored;Bernica;1;Ber_1;Nephrosperma vanhoutteanum;0,2750;Nephrosperma vanhoutteanum;Parasarcophaga hirticeps;4
Restored;Bernica;1;Ber_1;Nephrosperma vanhoutteanum;0,2750;Nephrosperma vanhoutteanum;Lobosciara bilotata;3
Restored;Bernica;1;Ber_1;Nephrosperma vanhoutteanum;0,2750;Nephrosperma vanhoutteanum;Lasioglossum mahense;17
Restored;Bernica;1;Ber_1;Nephrosperma vanhoutteanum;0,2750;Nephrosperma vanhoutteanum;Helina mediana;1
Restored;Bernica;1;Ber_1;Nephrosperma vanhoutteanum;0,2750;Nephrosperma vanhoutteanum;Hemipyrellia germana;2
Restored;Bernica;1;Ber_1;Nephrosperma vanhoutteanum;0,2750;Nephrosperma vanhoutteanum;Forcipomyia (Euprojoannisia) sp1;1
Restored;Bernica;1;Ber_1;Nephrosperma vanhoutteanum;0,2750;Nephrosperma vanhoutteanum;Cratopus aurostriatus;5
Restored;Bernica;1;Ber_1;Nephrosperma vanhoutteanum;0,2750;Nephrosperma vanhoutteanum;Apis mellifera;5
Restored;Bernica;1;Ber_1;Nephrosperma vanhoutteanum;0,2750;Nephrosperma vanhoutteanum;Phelsuma sp;2
Restored;Bernica;1;Ber_1;Nephrosperma vanhoutteanum;0,2750;Nephrosperma vanhoutteanum;Polistes olivaceus;1
Restored;Bernica;1;Ber_1;Paragenipa lancifolia;0,6250;Paragenipa lancifolia;Lasioglossum mahense;3
Restored;Bernica;1;Ber_1;Paragenipa lancifolia;0,6250;Paragenipa lancifolia;Apis mellifera;7
Restored;Bernica;1;Ber_1;Soulamea terminalioides;0,3500;Soulamea terminalioides;Musca domestica;1
Restored;Bernica;1;Ber_1;Soulamea terminalioides;0,3500;Soulamea terminalioides;Lobosciara bilotata;2
Restored;Bernica;1;Ber_1;Soulamea terminalioides;0,3500;Soulamea terminalioides;Helina mediana;3
Restored;Bernica;1;Ber_1;Soulamea terminalioides;0,3500;Soulamea terminalioides;Hemipyrellia germana;2
Restored;Bernica;1;Ber_1;Soulamea terminalioides;0,3500;Soulamea terminalioides;Forcipomyia (Euprojoannisia) sp1;1
Restored;Bernica;1;Ber_1;Soulamea terminalioides;0,3500;Soulamea terminalioides;Chalybion madecassum;1
Restored;Bernica;2;Ber_2;Pyrostria bibracteata;0,0375;Pyrostria bibracteata;Musca domestica;2
Restored;Bernica;2;Ber_2;Pyrostria bibracteata;0,0375;Pyrostria bibracteata;Parasarcophaga hirticeps;1
Restored;Bernica;2;Ber_2;Pyrostria bibracteata;0,0375;Pyrostria bibracteata;Hemipyrellia germana;1
Restored;Bernica;2;Ber_2;Pyrostria bibracteata;0,0375;Pyrostria bibracteata;Apis mellifera;26
Restored;Bernica;2;Ber_2;Erythroxylum sechellarum;0,0250;Erythroxylum sechellarum;Lasioglossum mahense;4
Restored;Bernica;2;Ber_2;Erythroxylum sechellarum;0,0250;Erythroxylum sechellarum;Dasyhelea tamsi;1
Restored;Bernica;2;Ber_2;Erythroxylum sechellarum;0,0250;Erythroxylum sechellarum;Apis mellifera;1
Restored;Bernica;2;Ber_2;Medusagyne oppositifolia;0,1125;Medusagyne oppositifolia;Megachile seychellensis;1
Restored;Bernica;2;Ber_2;Medusagyne oppositifolia;0,1125;Medusagyne oppositifolia;Apis mellifera;8
Restored;Bernica;2;Ber_2;Medusagyne oppositifolia;0,1125;Medusagyne oppositifolia;Cryptorhynchidius graniger;1
Restored;Bernica;2;Ber_2;Medusagyne oppositifolia;0,1125;Medusagyne oppositifolia;Mabuya seychellensis;1
Restored;Bernica;2;Ber_2;Memecylon elaeagni;0,8875;Memecylon elaeagni;Lygistorrhina sp;1
Restored;Bernica;2;Ber_2;Mimusops sechellarum;0,1125;Mimusops sechellarum;Apis mellifera;4
Restored;Bernica;2;Ber_2;Mimusops sechellarum;0,1125;Mimusops sechellarum;Scolytidae sp4;1
Restored;Bernica;2;Ber_2;Nephrosperma vanhoutteanum;0,8250;Nephrosperma vanhoutteanum;Dermestidae sp1;14
Restored;Bernica;2;Ber_2;Nephrosperma vanhoutteanum;0,8250;Nephrosperma vanhoutteanum;Rhiparida seychellensis;34
Restored;Bernica;2;Ber_2;Nephrosperma vanhoutteanum;0,8250;Nephrosperma vanhoutteanum;Lobosciara bilotata;1
Restored;Bernica;2;Ber_2;Nephrosperma vanhoutteanum;0,8250;Nephrosperma vanhoutteanum;Lasioglossum mahense;2
Restored;Bernica;2;Ber_2;Nephrosperma vanhoutteanum;0,8250;Nephrosperma vanhoutteanum;Forcipomyia (Euprojoannisia) sp1;3
Restored;Bernica;2;Ber_2;Nephrosperma vanhoutteanum;0,8250;Nephrosperma vanhoutteanum;Cratopus aurostriatus;1
Restored;Bernica;2;Ber_2;Nephrosperma vanhoutteanum;0,8250;Nephrosperma vanhoutteanum;Apis mellifera;4
Restored;Bernica;2;Ber_2;Nephrosperma vanhoutteanum;0,8250;Nephrosperma vanhoutteanum;Sciaridae sp1;1
Restored;Bernica;2;Ber_2;Nephrosperma vanhoutteanum;0,8250;Nephrosperma vanhoutteanum;Atrichopogon yamabukiensis;2
Restored;Bernica;2;Ber_2;Nephrosperma vanhoutteanum;0,8250;Nephrosperma vanhoutteanum;Hapalips sp1;5
Restored;Bernica;2;Ber_2;Nephrosperma vanhoutteanum;0,8250;Nephrosperma vanhoutteanum;Scaptodrosophila undet sp1;1
Restored;Bernica;2;Ber_2;Nephrosperma vanhoutteanum;0,8250;Nephrosperma vanhoutteanum;Geron seychellarum;2
Restored;Bernica;2;Ber_2;Nephrosperma vanhoutteanum;0,8250;Nephrosperma vanhoutteanum;Chloropidae sp2;1
Restored;Bernica;2;Ber_2;Paragenipa lancifolia;0,9375;Paragenipa lancifolia;Lobosciara bilotata;1
Restored;Bernica;2;Ber_2;Paragenipa lancifolia;0,9375;Paragenipa lancifolia;Lasioglossum mahense;2
Restored;Bernica;2;Ber_2;Paragenipa lancifolia;0,9375;Paragenipa lancifolia;Apis mellifera;20
Restored;Bernica;2;Ber_2;Paragenipa lancifolia;0,9375;Paragenipa lancifolia;Forcipomyia (Microhelea) amieuensis;1
Restored;Bernica;3;Ber_3;Dillenia ferruginea;0,0500;Dillenia ferruginea;Lasioglossum mahense;5
Restored;Bernica;3;Ber_3;Dillenia ferruginea;0,0500;Dillenia ferruginea;Apis mellifera;6
Restored;Bernica;3;Ber_3;Erythroxylum sechellarum;0,1625;Erythroxylum sechellarum;Lasioglossum mahense;1
Restored;Bernica;3;Ber_3;Erythroxylum sechellarum;0,1625;Erythroxylum sechellarum;Apis mellifera;6
Restored;Bernica;3;Ber_3;Erythroxylum sechellarum;0,1625;Erythroxylum sechellarum;Atrichopogon yamabukiensis;1
Restored;Bernica;3;Ber_3;Memecylon elaeagni;0,1500;Memecylon elaeagni;Lasioglossum mahense;1
Restored;Bernica;3;Ber_3;Memecylon elaeagni;0,1500;Memecylon elaeagni;Chalicodoma disjuncta;2
Restored;Bernica;3;Ber_3;Memecylon elaeagni;0,1500;Memecylon elaeagni;Apis mellifera;12
Restored;Bernica;3;Ber_3;Mimusops sechellarum;0,0375;Mimusops sechellarum;Apis mellifera;2
Restored;Bernica;3;Ber_3;Mimusops sechellarum;0,0375;Mimusops sechellarum;Physiphora azurea;1
Restored;Bernica;3;Ber_3;Nephrosperma vanhoutteanum;1,3750;Nephrosperma vanhoutteanum;Rhiparida seychellensis;8
Restored;Bernica;3;Ber_3;Nephrosperma vanhoutteanum;1,3750;Nephrosperma vanhoutteanum;Lasioglossum mahense;21
Restored;Bernica;3;Ber_3;Nephrosperma vanhoutteanum;1,3750;Nephrosperma vanhoutteanum;Forcipomyia (Euprojoannisia) sp1;1
Restored;Bernica;3;Ber_3;Nephrosperma vanhoutteanum;1,3750;Nephrosperma vanhoutteanum;Apis mellifera;16
Restored;Bernica;3;Ber_3;Nephrosperma vanhoutteanum;1,3750;Nephrosperma vanhoutteanum;Sciaridae sp1;1
Restored;Bernica;3;Ber_3;Nephrosperma vanhoutteanum;1,3750;Nephrosperma vanhoutteanum;Atrichopogon yamabukiensis;1
Restored;Bernica;3;Ber_3;Nephrosperma vanhoutteanum;1,3750;Nephrosperma vanhoutteanum;Homoneura crassicaput;1
Restored;Bernica;3;Ber_3;Nephrosperma vanhoutteanum;1,3750;Nephrosperma vanhoutteanum;Forcipomyia (Microhelea) amieuensis;1
Restored;Bernica;3;Ber_3;Paragenipa lancifolia;0,0125;Paragenipa lancifolia;Lasioglossum mahense;4
Restored;Bernica;3;Ber_3;Paragenipa lancifolia;0,0125;Paragenipa lancifolia;Chalicodoma disjuncta;1
Restored;Bernica;3;Ber_3;Paragenipa lancifolia;0,0125;Paragenipa lancifolia;Apis mellifera;2
Restored;Bernica;3;Ber_3;Timonius flavescens;0,4500;Timonius flavescens;Scaptodrosophila undet sp1;1
Restored;Bernica;4;Ber_4;Pyrostria bibracteata;0,0750;Pyrostria bibracteata;Lasioglossum mahense;4
Restored;Bernica;4;Ber_4;Pyrostria bibracteata;0,0750;Pyrostria bibracteata;Megachile laticeps;5
Restored;Bernica;4;Ber_4;Pyrostria bibracteata;0,0750;Pyrostria bibracteata;Apis mellifera;3
Restored;Bernica;4;Ber_4;Pyrostria bibracteata;0,0750;Pyrostria bibracteata;Forcipomyia sp2;1
Restored;Bernica;4;Ber_4;Pyrostria bibracteata;0,0750;Pyrostria bibracteata;Scaptodrosophila undet sp1;1
Restored;Bernica;4;Ber_4;Pyrostria bibracteata;0,0750;Pyrostria bibracteata;Delta alluaudi;1
Restored;Bernica;4;Ber_4;Dillenia ferruginea;0,0125;Dillenia ferruginea;Hasinamelissa sp;1
Restored;Bernica;4;Ber_4;Dillenia ferruginea;0,0125;Dillenia ferruginea;Lasioglossum mahense;1
Restored;Bernica;4;Ber_4;Dillenia ferruginea;0,0125;Dillenia ferruginea;Hemipyrellia germana;1
Restored;Bernica;4;Ber_4;Dillenia ferruginea;0,0125;Dillenia ferruginea;Apis mellifera;2
Restored;Bernica;4;Ber_4;Dillenia ferruginea;0,0125;Dillenia ferruginea;Scaptodrosophila undet sp1;1
Restored;Bernica;4;Ber_4;Dillenia ferruginea;0,0125;Dillenia ferruginea;Cinnyris dussumieri;1
Restored;Bernica;4;Ber_4;Dracaena reflexa var. angustifolia;0,0375;Dracaena reflexa var. angustifolia;Lasioglossum mahense;3
Restored;Bernica;4;Ber_4;Dracaena reflexa var. angustifolia;0,0375;Dracaena reflexa var. angustifolia;Apis mellifera;7
Restored;Bernica;4;Ber_4;Dracaena reflexa var. angustifolia;0,0375;Dracaena reflexa var. angustifolia;Sciaridae sp1;1
Restored;Bernica;4;Ber_4;Dracaena reflexa var. angustifolia;0,0375;Dracaena reflexa var. angustifolia;Cinnyris dussumieri;2
Restored;Bernica;4;Ber_4;Dracaena reflexa var. angustifolia;0,0375;Dracaena reflexa var. angustifolia;Forcipomyia (Microhelea) amieuensis;2
Restored;Bernica;4;Ber_4;Erythroxylum sechellarum;0,5000;Erythroxylum sechellarum;Lasioglossum mahense;11
Restored;Bernica;4;Ber_4;Erythroxylum sechellarum;0,5000;Erythroxylum sechellarum;Simosyrphus aegyptius;2
Restored;Bernica;4;Ber_4;Erythroxylum sechellarum;0,5000;Erythroxylum sechellarum;Chalicodoma disjuncta;3
Restored;Bernica;4;Ber_4;Erythroxylum sechellarum;0,5000;Erythroxylum sechellarum;Apis mellifera;13
Restored;Bernica;4;Ber_4;Erythroxylum sechellarum;0,5000;Erythroxylum sechellarum;Liosarcophaga spilargyra;1
Restored;Bernica;4;Ber_4;Memecylon elaeagni;2,5250;Memecylon elaeagni;Chalicodoma disjuncta;6
Restored;Bernica;4;Ber_4;Memecylon elaeagni;2,5250;Memecylon elaeagni;Apis mellifera;9
Restored;Bernica;4;Ber_4;Mimusops sechellarum;0,0625;Mimusops sechellarum;Lasioglossum mahense;3
Restored;Bernica;4;Ber_4;Mimusops sechellarum;0,0625;Mimusops sechellarum;Apis mellifera;7
Restored;Bernica;4;Ber_4;Nephrosperma vanhoutteanum;1,3375;Nephrosperma vanhoutteanum;Rhiparida seychellensis;17
Restored;Bernica;4;Ber_4;Nephrosperma vanhoutteanum;1,3375;Nephrosperma vanhoutteanum;Lasioglossum mahense;26
Restored;Bernica;4;Ber_4;Nephrosperma vanhoutteanum;1,3375;Nephrosperma vanhoutteanum;Forcipomyia (Euprojoannisia) sp1;5
Restored;Bernica;4;Ber_4;Nephrosperma vanhoutteanum;1,3375;Nephrosperma vanhoutteanum;Cratopus aurostriatus;1
Restored;Bernica;4;Ber_4;Nephrosperma vanhoutteanum;1,3375;Nephrosperma vanhoutteanum;Apis mellifera;36
Restored;Bernica;4;Ber_4;Nephrosperma vanhoutteanum;1,3375;Nephrosperma vanhoutteanum;Amblypsilopus (?) nr. simplex;1
Restored;Bernica;4;Ber_4;Nephrosperma vanhoutteanum;1,3375;Nephrosperma vanhoutteanum;Sciaridae sp1;1
Restored;Bernica;4;Ber_4;Nephrosperma vanhoutteanum;1,3375;Nephrosperma vanhoutteanum;Phelsuma sp;1
Restored;Bernica;4;Ber_4;Psychotria pervillei;0,0500;Psychotria pervillei;Apis mellifera;8
Restored;Bernica;4;Ber_4;Psychotria pervillei;0,0500;Psychotria pervillei;Phelsuma sp;1
Restored;Bernica;4;Ber_4;Timonius flavescens;0,1125;Timonius flavescens;Nola sp1;1
Restored;Bernica;4;Ber_4;Timonius flavescens;0,1125;Timonius flavescens;Chrysauginae sp1;1
Restored;Bernica;4;Ber_4;Timonius flavescens;0,1125;Timonius flavescens;Gracilodes sp1;1
Restored;Bernica;5;Ber_5;Pyrostria bibracteata;0,4750;Pyrostria bibracteata;Lasioglossum mahense;11
Restored;Bernica;5;Ber_5;Pyrostria bibracteata;0,4750;Pyrostria bibracteata;Megachile laticeps;2
Restored;Bernica;5;Ber_5;Pyrostria bibracteata;0,4750;Pyrostria bibracteata;Apis mellifera;7
Restored;Bernica;5;Ber_5;Dillenia ferruginea;0,0375;Dillenia ferruginea;Lasioglossum mahense;1
Restored;Bernica;5;Ber_5;Dillenia ferruginea;0,0375;Dillenia ferruginea;Simosyrphus aegyptius;1
Restored;Bernica;5;Ber_5;Dillenia ferruginea;0,0375;Dillenia ferruginea;Cratopus aurostriatus;2
Restored;Bernica;5;Ber_5;Dillenia ferruginea;0,0375;Dillenia ferruginea;Apis mellifera;4
Restored;Bernica;5;Ber_5;Dillenia ferruginea;0,0375;Dillenia ferruginea;Staphylinidae sp1;1
Restored;Bernica;5;Ber_5;Erythroxylum sechellarum;0,3500;Erythroxylum sechellarum;Musca domestica;6
Restored;Bernica;5;Ber_5;Erythroxylum sechellarum;0,3500;Erythroxylum sechellarum;Lasioglossum mahense;24
Restored;Bernica;5;Ber_5;Erythroxylum sechellarum;0,3500;Erythroxylum sechellarum;Apis mellifera;3
Restored;Bernica;5;Ber_5;Erythroxylum sechellarum;0,3500;Erythroxylum sechellarum;Delta alluaudi;1
Restored;Bernica;5;Ber_5;Erythroxylum sechellarum;0,3500;Erythroxylum sechellarum;Forcipomyia (Microhelea) amieuensis;1
Restored;Bernica;5;Ber_5;Memecylon elaeagni;2,4750;Memecylon elaeagni;Chalicodoma disjuncta;1
Restored;Bernica;5;Ber_5;Memecylon elaeagni;2,4750;Memecylon elaeagni;Apis mellifera;8
Restored;Bernica;5;Ber_5;Nephrosperma vanhoutteanum;0,6625;Nephrosperma vanhoutteanum;Musca domestica;1
Restored;Bernica;5;Ber_5;Nephrosperma vanhoutteanum;0,6625;Nephrosperma vanhoutteanum;Dermestidae sp1;11
Restored;Bernica;5;Ber_5;Nephrosperma vanhoutteanum;0,6625;Nephrosperma vanhoutteanum;Rhiparida seychellensis;17
Restored;Bernica;5;Ber_5;Nephrosperma vanhoutteanum;0,6625;Nephrosperma vanhoutteanum;Lasioglossum mahense;31
Restored;Bernica;5;Ber_5;Nephrosperma vanhoutteanum;0,6625;Nephrosperma vanhoutteanum;Megachile seychellensis;2
Restored;Bernica;5;Ber_5;Nephrosperma vanhoutteanum;0,6625;Nephrosperma vanhoutteanum;Lygistorrhina sp;1
Restored;Bernica;5;Ber_5;Nephrosperma vanhoutteanum;0,6625;Nephrosperma vanhoutteanum;Nitidulidae sp1;1
Restored;Bernica;5;Ber_5;Nephrosperma vanhoutteanum;0,6625;Nephrosperma vanhoutteanum;Cratopus aurostriatus;1
Restored;Bernica;5;Ber_5;Nephrosperma vanhoutteanum;0,6625;Nephrosperma vanhoutteanum;Chrysomya megacephala;1
Restored;Bernica;5;Ber_5;Nephrosperma vanhoutteanum;0,6625;Nephrosperma vanhoutteanum;Apis mellifera;4
Restored;Bernica;5;Ber_5;Nephrosperma vanhoutteanum;0,6625;Nephrosperma vanhoutteanum;Phelsuma sp;2
Restored;Bernica;5;Ber_5;Phoenicophorium borsigianum;0,0750;Phoenicophorium borsigianum;Dermestidae sp1;21
Restored;Bernica;5;Ber_5;Phoenicophorium borsigianum;0,0750;Phoenicophorium borsigianum;Lasioglossum mahense;2
Restored;Bernica;5;Ber_5;Phoenicophorium borsigianum;0,0750;Phoenicophorium borsigianum;Nitidulidae sp1;1
Restored;Bernica;5;Ber_5;Phoenicophorium borsigianum;0,0750;Phoenicophorium borsigianum;Cossonini sp1;5
Restored;Bernica;5;Ber_5;Phoenicophorium borsigianum;0,0750;Phoenicophorium borsigianum;Apis mellifera;1
Restored;Bernica;5;Ber_5;Phoenicophorium borsigianum;0,0750;Phoenicophorium borsigianum;Phelsuma sp;1
Restored;Bernica;5;Ber_5;Psychotria pervillei;0,1625;Psychotria pervillei;Musca domestica;1
Restored;Bernica;5;Ber_5;Psychotria pervillei;0,1625;Psychotria pervillei;Lasioglossum mahense;5
Restored;Bernica;5;Ber_5;Psychotria pervillei;0,1625;Psychotria pervillei;Apis mellifera;1
Restored;Bernica;5;Ber_5;Psychotria pervillei;0,1625;Psychotria pervillei;Delta alluaudi;2
Restored;Bernica;5;Ber_5;Psychotria pervillei;0,1625;Psychotria pervillei;Mabuya seychellensis;1
Restored;Bernica;5;Ber_5;Syzygium wrightii;0,3250;Syzygium wrightii;Nitidulidae sp1;1
Restored;Bernica;5;Ber_5;Syzygium wrightii;0,3250;Syzygium wrightii;Apis mellifera;4
Restored;Bernica;5;Ber_5;Syzygium wrightii;0,3250;Syzygium wrightii;Cinnyris dussumieri;2
Restored;Bernica;5;Ber_5;Syzygium wrightii;0,3250;Syzygium wrightii;Polistes olivaceus;3
Restored;Bernica;6;Ber_6;Pyrostria bibracteata;0,4875;Pyrostria bibracteata;Lasioglossum mahense;4
Restored;Bernica;6;Ber_6;Pyrostria bibracteata;0,4875;Pyrostria bibracteata;Chalicodoma disjuncta;1
Restored;Bernica;6;Ber_6;Pyrostria bibracteata;0,4875;Pyrostria bibracteata;Apis mellifera;10
Restored;Bernica;6;Ber_6;Pyrostria bibracteata;0,4875;Pyrostria bibracteata;Ceratina tabescens;3
Restored;Bernica;6;Ber_6;Pyrostria bibracteata;0,4875;Pyrostria bibracteata;Polistes olivaceus;1
Restored;Bernica;6;Ber_6;Deckenia nobilis;0,1875;Deckenia nobilis;Lasioglossum mahense;14
Restored;Bernica;6;Ber_6;Deckenia nobilis;0,1875;Deckenia nobilis;Hemipyrellia germana;3
Restored;Bernica;6;Ber_6;Deckenia nobilis;0,1875;Deckenia nobilis;Apis mellifera;58
Restored;Bernica;6;Ber_6;Erythroxylum sechellarum;0,3625;Erythroxylum sechellarum;Lasioglossum mahense;3
Restored;Bernica;6;Ber_6;Erythroxylum sechellarum;0,3625;Erythroxylum sechellarum;Apis mellifera;1
Restored;Bernica;6;Ber_6;Nephrosperma vanhoutteanum;0,4000;Nephrosperma vanhoutteanum;Rhiparida seychellensis;9
Restored;Bernica;6;Ber_6;Nephrosperma vanhoutteanum;0,4000;Nephrosperma vanhoutteanum;Lasioglossum mahense;19
Restored;Bernica;6;Ber_6;Nephrosperma vanhoutteanum;0,4000;Nephrosperma vanhoutteanum;Megachile seychellensis;1
Restored;Bernica;6;Ber_6;Nephrosperma vanhoutteanum;0,4000;Nephrosperma vanhoutteanum;Forcipomyia (Euprojoannisia) sp1;1
Restored;Bernica;6;Ber_6;Nephrosperma vanhoutteanum;0,4000;Nephrosperma vanhoutteanum;Apis mellifera;16
Restored;Bernica;6;Ber_6;Nephrosperma vanhoutteanum;0,4000;Nephrosperma vanhoutteanum;Amblypsilopus (?) nr. simplex;1
Restored;Bernica;6;Ber_6;Nephrosperma vanhoutteanum;0,4000;Nephrosperma vanhoutteanum;Dichaetomyia fasciculifera;1
Restored;Bernica;6;Ber_6;Nephrosperma vanhoutteanum;0,4000;Nephrosperma vanhoutteanum;Forcipomyia (Microhelea) amieuensis;1
Restored;Bernica;6;Ber_6;Paragenipa lancifolia;0,3875;Paragenipa lancifolia;Lasioglossum mahense;3
Restored;Bernica;6;Ber_6;Paragenipa lancifolia;0,3875;Paragenipa lancifolia;Apis mellifera;1
Restored;Bernica;6;Ber_6;Paragenipa lancifolia;0,3875;Paragenipa lancifolia;Cinnyris dussumieri;2
Restored;Bernica;6;Ber_6;Psychotria pervillei;0,2125;Psychotria pervillei;Lasioglossum mahense;16
Restored;Bernica;6;Ber_6;Psychotria pervillei;0,2125;Psychotria pervillei;Apis mellifera;4
Restored;Bernica;6;Ber_6;Psychotria pervillei;0,2125;Psychotria pervillei;Delta alluaudi;1
Restored;Bernica;6;Ber_6;Psychotria pervillei;0,2125;Psychotria pervillei;Cinnyris dussumieri;1
Restored;Bernica;6;Ber_6;Syzygium wrightii;0,2125;Syzygium wrightii;Apis mellifera;4
Restored;Bernica;6;Ber_6;Syzygium wrightii;0,2125;Syzygium wrightii;Cinnyris dussumieri;18
Restored;Bernica;6;Ber_6;Syzygium wrightii;0,2125;Syzygium wrightii;Mabuya seychellensis;1
Restored;Bernica;7;Ber_7;Deckenia nobilis;0,3250;Deckenia nobilis;Lasioglossum mahense;33
Restored;Bernica;7;Ber_7;Deckenia nobilis;0,3250;Deckenia nobilis;Apis mellifera;26
Restored;Bernica;7;Ber_7;Dillenia ferruginea;0,0250;Dillenia ferruginea;Lasioglossum mahense;6
Restored;Bernica;7;Ber_7;Dillenia ferruginea;0,0250;Dillenia ferruginea;Apis mellifera;4
Restored;Bernica;7;Ber_7;Dillenia ferruginea;0,0250;Dillenia ferruginea;Staphylinidae sp1;1
Restored;Bernica;7;Ber_7;Erythroxylum sechellarum;0,3625;Erythroxylum sechellarum;Lasioglossum mahense;11
Restored;Bernica;7;Ber_7;Erythroxylum sechellarum;0,3625;Erythroxylum sechellarum;Apis mellifera;4
Restored;Bernica;7;Ber_7;Erythroxylum sechellarum;0,3625;Erythroxylum sechellarum;Atrichopogon yamabukiensis;1
Restored;Bernica;7;Ber_7;Medusagyne oppositifolia;0,1875;Medusagyne oppositifolia;Lasioglossum mahense;7
Restored;Bernica;7;Ber_7;Medusagyne oppositifolia;0,1875;Medusagyne oppositifolia;Hemipyrellia germana;1
Restored;Bernica;7;Ber_7;Medusagyne oppositifolia;0,1875;Medusagyne oppositifolia;Apis mellifera;4
Restored;Bernica;7;Ber_7;Medusagyne oppositifolia;0,1875;Medusagyne oppositifolia;Delta alluaudi;1
Restored;Bernica;7;Ber_7;Medusagyne oppositifolia;0,1875;Medusagyne oppositifolia;Polistes olivaceus;4
Restored;Bernica;7;Ber_7;Memecylon elaeagni;0,5625;Memecylon elaeagni;Lasioglossum mahense;1
Restored;Bernica;7;Ber_7;Memecylon elaeagni;0,5625;Memecylon elaeagni;Simosyrphus aegyptius;1
Restored;Bernica;7;Ber_7;Memecylon elaeagni;0,5625;Memecylon elaeagni;Forcipomyia (Euprojoannisia) sp1;1
Restored;Bernica;7;Ber_7;Memecylon elaeagni;0,5625;Memecylon elaeagni;Apis mellifera;6
Restored;Bernica;7;Ber_7;Memecylon elaeagni;0,5625;Memecylon elaeagni;Dichaetomyia fasciculifera;2
Restored;Bernica;7;Ber_7;Nephrosperma vanhoutteanum;1,7750;Nephrosperma vanhoutteanum;Dermestidae sp1;9
Restored;Bernica;7;Ber_7;Nephrosperma vanhoutteanum;1,7750;Nephrosperma vanhoutteanum;Rhiparida seychellensis;13
Restored;Bernica;7;Ber_7;Nephrosperma vanhoutteanum;1,7750;Nephrosperma vanhoutteanum;Lasioglossum mahense;15
Restored;Bernica;7;Ber_7;Nephrosperma vanhoutteanum;1,7750;Nephrosperma vanhoutteanum;Cratopus aurostriatus;1
Restored;Bernica;7;Ber_7;Nephrosperma vanhoutteanum;1,7750;Nephrosperma vanhoutteanum;Apis mellifera;15
Restored;Bernica;7;Ber_7;Nephrosperma vanhoutteanum;1,7750;Nephrosperma vanhoutteanum;Phelsuma sp;1
Restored;Bernica;7;Ber_7;Nephrosperma vanhoutteanum;1,7750;Nephrosperma vanhoutteanum;Forcipomyia (Microhelea) amieuensis;1
Restored;Bernica;7;Ber_7;Phoenicophorium borsigianum;0,1875;Phoenicophorium borsigianum;Dermestidae sp1;7
Restored;Bernica;7;Ber_7;Phoenicophorium borsigianum;0,1875;Phoenicophorium borsigianum;Rhiparida seychellensis;2
Restored;Bernica;7;Ber_7;Phoenicophorium borsigianum;0,1875;Phoenicophorium borsigianum;Lasioglossum mahense;8
Restored;Bernica;7;Ber_7;Phoenicophorium borsigianum;0,1875;Phoenicophorium borsigianum;Nitidulidae sp1;2
Restored;Bernica;7;Ber_7;Phoenicophorium borsigianum;0,1875;Phoenicophorium borsigianum;Apis mellifera;6
Restored;Bernica;7;Ber_7;Phoenicophorium borsigianum;0,1875;Phoenicophorium borsigianum;Phelsuma sp;2
Restored;Bernica;7;Ber_7;Phoenicophorium borsigianum;0,1875;Phoenicophorium borsigianum;Ceratina tabescens;2
Restored;Bernica;7;Ber_7;Phoenicophorium borsigianum;0,1875;Phoenicophorium borsigianum;Cryptophagidae sp2;9
Restored;Bernica;7;Ber_7;Psychotria pervillei;0,0250;Psychotria pervillei;Lasioglossum mahense;2
Restored;Bernica;7;Ber_7;Psychotria pervillei;0,0250;Psychotria pervillei;Apis mellifera;17
Restored;Bernica;7;Ber_7;Psychotria pervillei;0,0250;Psychotria pervillei;Delta alluaudi;2
Restored;Bernica;7;Ber_7;Psychotria pervillei;0,0250;Psychotria pervillei;Cinnyris dussumieri;2
Restored;Bernica;8;Ber_8;Aphloia theiformis;0,6250;Aphloia theiformis;Lobosciara bilotata;1
Restored;Bernica;8;Ber_8;Aphloia theiformis;0,6250;Aphloia theiformis;Lasioglossum mahense;3
Restored;Bernica;8;Ber_8;Aphloia theiformis;0,6250;Aphloia theiformis;Lygistorrhina sp;7
Restored;Bernica;8;Ber_8;Aphloia theiformis;0,6250;Aphloia theiformis;Apis mellifera;49
Restored;Bernica;8;Ber_8;Aphloia theiformis;0,6250;Aphloia theiformis;Geron seychellarum;6
Restored;Bernica;8;Ber_8;Aphloia theiformis;0,6250;Aphloia theiformis;Ornidia obesa;1
Restored;Bernica;8;Ber_8;Aphloia theiformis;0,6250;Aphloia theiformis;Polistes olivaceus;1
Restored;Bernica;8;Ber_8;Deckenia nobilis;1,1500;Deckenia nobilis;Lasioglossum mahense;2
Restored;Bernica;8;Ber_8;Deckenia nobilis;1,1500;Deckenia nobilis;Dasyhelea tamsi;8
Restored;Bernica;8;Ber_8;Deckenia nobilis;1,1500;Deckenia nobilis;Apis mellifera;13
Restored;Bernica;8;Ber_8;Deckenia nobilis;1,1500;Deckenia nobilis;Phelsuma sp;1
Restored;Bernica;8;Ber_8;Erythroxylum sechellarum;0,1000;Erythroxylum sechellarum;Lasioglossum mahense;1
Restored;Bernica;8;Ber_8;Memecylon elaeagni;0,4500;Memecylon elaeagni;Chalicodoma disjuncta;1
Restored;Bernica;8;Ber_8;Memecylon elaeagni;0,4500;Memecylon elaeagni;Apis mellifera;3
Restored;Bernica;8;Ber_8;Nephrosperma vanhoutteanum;2,0375;Nephrosperma vanhoutteanum;Dermestidae sp1;7
Restored;Bernica;8;Ber_8;Nephrosperma vanhoutteanum;2,0375;Nephrosperma vanhoutteanum;Rhiparida seychellensis;19
Restored;Bernica;8;Ber_8;Nephrosperma vanhoutteanum;2,0375;Nephrosperma vanhoutteanum;Lasioglossum mahense;15
Restored;Bernica;8;Ber_8;Nephrosperma vanhoutteanum;2,0375;Nephrosperma vanhoutteanum;Megachile seychellensis;2
Restored;Bernica;8;Ber_8;Nephrosperma vanhoutteanum;2,0375;Nephrosperma vanhoutteanum;Lygistorrhina sp;2
Restored;Bernica;8;Ber_8;Nephrosperma vanhoutteanum;2,0375;Nephrosperma vanhoutteanum;Nitidulidae sp1;2
Restored;Bernica;8;Ber_8;Nephrosperma vanhoutteanum;2,0375;Nephrosperma vanhoutteanum;Apis mellifera;22
Restored;Bernica;8;Ber_8;Nephrosperma vanhoutteanum;2,0375;Nephrosperma vanhoutteanum;Phelsuma sp;2
Restored;Bernica;8;Ber_8;Nephrosperma vanhoutteanum;2,0375;Nephrosperma vanhoutteanum;Geron seychellarum;13
Restored;Bernica;8;Ber_8;Nephrosperma vanhoutteanum;2,0375;Nephrosperma vanhoutteanum;Coleoptera sp2;1
Restored;Bernica;8;Ber_8;Nephrosperma vanhoutteanum;2,0375;Nephrosperma vanhoutteanum;Polistes olivaceus;1
Restored;Bernica;8;Ber_8;Paragenipa lancifolia;0,0500;Paragenipa lancifolia;Lasioglossum mahense;1
Restored;Bernica;8;Ber_8;Paragenipa lancifolia;0,0500;Paragenipa lancifolia;Apis mellifera;2
Unrestored;Casse Dent;1;Cas_1;Excoecaria benthamiana;0,6000;Excoecaria benthamiana;Cossonini sp1;1
Unrestored;Casse Dent;1;Cas_1;Excoecaria benthamiana;0,6000;Excoecaria benthamiana;Apis mellifera;3
Unrestored;Casse Dent;1;Cas_1;Excoecaria benthamiana;0,6000;Excoecaria benthamiana;Figitidae sp1;3
Unrestored;Casse Dent;1;Cas_1;Excoecaria benthamiana;0,6000;Excoecaria benthamiana;Scolytidae sp3;1
Unrestored;Casse Dent;1;Cas_1;Excoecaria benthamiana;0,6000;Excoecaria benthamiana;Pachycerina seychellensis;2
Unrestored;Casse Dent;1;Cas_1;Paragenipa lancifolia;0,0600;Paragenipa lancifolia;Lasioglossum mahense;1
Unrestored;Casse Dent;1;Cas_1;Paragenipa lancifolia;0,0600;Paragenipa lancifolia;Apis mellifera;2
Unrestored;Casse Dent;1;Cas_1;Phoenicophorium borsigianum;0,4800;Phoenicophorium borsigianum;Rhiparida seychellensis;3
Unrestored;Casse Dent;1;Cas_1;Phoenicophorium borsigianum;0,4800;Phoenicophorium borsigianum;Lobosciara bilotata;4
Unrestored;Casse Dent;1;Cas_1;Phoenicophorium borsigianum;0,4800;Phoenicophorium borsigianum;Lasioglossum mahense;1
Unrestored;Casse Dent;1;Cas_1;Phoenicophorium borsigianum;0,4800;Phoenicophorium borsigianum;Forcipomyia (Euprojoannisia) sp1;1
Unrestored;Casse Dent;1;Cas_1;Phoenicophorium borsigianum;0,4800;Phoenicophorium borsigianum;Lygistorrhina sp;2
Unrestored;Casse Dent;1;Cas_1;Phoenicophorium borsigianum;0,4800;Phoenicophorium borsigianum;Nitidulidae sp1;10
Unrestored;Casse Dent;1;Cas_1;Phoenicophorium borsigianum;0,4800;Phoenicophorium borsigianum;Cossonini sp1;1
Unrestored;Casse Dent;1;Cas_1;Phoenicophorium borsigianum;0,4800;Phoenicophorium borsigianum;Apis mellifera;21
Unrestored;Casse Dent;1;Cas_1;Phoenicophorium borsigianum;0,4800;Phoenicophorium borsigianum;Dichaetomyia fasciculifera;12
Unrestored;Casse Dent;1;Cas_1;Phoenicophorium borsigianum;0,4800;Phoenicophorium borsigianum;Hapalips sp1;18
Unrestored;Casse Dent;1;Cas_1;Phoenicophorium borsigianum;0,4800;Phoenicophorium borsigianum;Scaptodrosophila undet sp1;3
Unrestored;Casse Dent;1;Cas_1;Phoenicophorium borsigianum;0,4800;Phoenicophorium borsigianum;Thripomorpha rufithorax;4
Unrestored;Casse Dent;1;Cas_1;Phoenicophorium borsigianum;0,4800;Phoenicophorium borsigianum;Cryptophagidae sp2;4
Unrestored;Casse Dent;1;Cas_1;Phoenicophorium borsigianum;0,4800;Phoenicophorium borsigianum;Scaptodrosophila undet sp2;22
Unrestored;Casse Dent;1;Cas_1;Roscheria melanochaetes;0,7600;Roscheria melanochaetes;Rhiparida seychellensis;3
Unrestored;Casse Dent;1;Cas_1;Roscheria melanochaetes;0,7600;Roscheria melanochaetes;Lobosciara bilotata;4
Unrestored;Casse Dent;1;Cas_1;Roscheria melanochaetes;0,7600;Roscheria melanochaetes;Forcipomyia (Euprojoannisia) sp1;1
Unrestored;Casse Dent;1;Cas_1;Roscheria melanochaetes;0,7600;Roscheria melanochaetes;Dasyhelea tamsi;2
Unrestored;Casse Dent;1;Cas_1;Roscheria melanochaetes;0,7600;Roscheria melanochaetes;Apis mellifera;2
Unrestored;Casse Dent;1;Cas_1;Roscheria melanochaetes;0,7600;Roscheria melanochaetes;Sciaridae sp1;4
Unrestored;Casse Dent;1;Cas_1;Roscheria melanochaetes;0,7600;Roscheria melanochaetes;Eudaeus sp;1
Unrestored;Casse Dent;1;Cas_1;Roscheria melanochaetes;0,7600;Roscheria melanochaetes;Pachycerina seychellensis;4
Unrestored;Casse Dent;2;Cas_2;Pyrostria bibracteata;0,5800;Pyrostria bibracteata;Lasioglossum mahense;1
Unrestored;Casse Dent;2;Cas_2;Pyrostria bibracteata;0,5800;Pyrostria bibracteata;Smitta mahensis;4
Unrestored;Casse Dent;2;Cas_2;Pyrostria bibracteata;0,5800;Pyrostria bibracteata;Apis mellifera;11
Unrestored;Casse Dent;2;Cas_2;Erythroxylum sechellarum;0,0600;Erythroxylum sechellarum;Lasioglossum mahense;1
Unrestored;Casse Dent;2;Cas_2;Erythroxylum sechellarum;0,0600;Erythroxylum sechellarum;Forcipomyia (Euprojoannisia) sp1;1
Unrestored;Casse Dent;2;Cas_2;Erythroxylum sechellarum;0,0600;Erythroxylum sechellarum;Lygistorrhina sp;4
Unrestored;Casse Dent;2;Cas_2;Erythroxylum sechellarum;0,0600;Erythroxylum sechellarum;Amblypsilopus (?) nr. simplex;1
Unrestored;Casse Dent;2;Cas_2;Erythroxylum sechellarum;0,0600;Erythroxylum sechellarum;Forcipomyia (Microhelea) amieuensis;1
Unrestored;Casse Dent;2;Cas_2;Memecylon elaeagni;0,2000;Memecylon elaeagni;Apis mellifera;5
Unrestored;Casse Dent;2;Cas_2;Memecylon elaeagni;0,2000;Memecylon elaeagni;Forcipomyia (Microhelea) amieuensis;1
Unrestored;Casse Dent;2;Cas_2;Nephrosperma vanhoutteanum;0,2600;Nephrosperma vanhoutteanum;Musca domestica;1
Unrestored;Casse Dent;2;Cas_2;Nephrosperma vanhoutteanum;0,2600;Nephrosperma vanhoutteanum;Dermestidae sp1;1
Unrestored;Casse Dent;2;Cas_2;Nephrosperma vanhoutteanum;0,2600;Nephrosperma vanhoutteanum;Rhiparida seychellensis;5
Unrestored;Casse Dent;2;Cas_2;Nephrosperma vanhoutteanum;0,2600;Nephrosperma vanhoutteanum;Lasioglossum mahense;4
Unrestored;Casse Dent;2;Cas_2;Nephrosperma vanhoutteanum;0,2600;Nephrosperma vanhoutteanum;Forcipomyia (Euprojoannisia) sp1;3
Unrestored;Casse Dent;2;Cas_2;Nephrosperma vanhoutteanum;0,2600;Nephrosperma vanhoutteanum;Cardiophorus sp1;10
Unrestored;Casse Dent;2;Cas_2;Nephrosperma vanhoutteanum;0,2600;Nephrosperma vanhoutteanum;Apis mellifera;13
Unrestored;Casse Dent;2;Cas_2;Nephrosperma vanhoutteanum;0,2600;Nephrosperma vanhoutteanum;Geron seychellarum;2
Unrestored;Casse Dent;2;Cas_2;Nephrosperma vanhoutteanum;0,2600;Nephrosperma vanhoutteanum;Scaptodrosophila undet sp2;1
Unrestored;Casse Dent;2;Cas_2;Nephrosperma vanhoutteanum;0,2600;Nephrosperma vanhoutteanum;Forcipomyia (Microhelea) amieuensis;1
Unrestored;Casse Dent;2;Cas_2;Paragenipa lancifolia;0,5400;Paragenipa lancifolia;Lasioglossum mahense;2
Unrestored;Casse Dent;2;Cas_2;Paragenipa lancifolia;0,5400;Paragenipa lancifolia;Apis mellifera;9
Unrestored;Casse Dent;2;Cas_2;Phoenicophorium borsigianum;1,0000;Phoenicophorium borsigianum;Dermestidae sp1;40
Unrestored;Casse Dent;2;Cas_2;Phoenicophorium borsigianum;1,0000;Phoenicophorium borsigianum;Rhiparida seychellensis;24
Unrestored;Casse Dent;2;Cas_2;Phoenicophorium borsigianum;1,0000;Phoenicophorium borsigianum;Lasioglossum mahense;15
Unrestored;Casse Dent;2;Cas_2;Phoenicophorium borsigianum;1,0000;Phoenicophorium borsigianum;Hemipyrellia germana;1
Unrestored;Casse Dent;2;Cas_2;Phoenicophorium borsigianum;1,0000;Phoenicophorium borsigianum;Nitidulidae sp1;8
Unrestored;Casse Dent;2;Cas_2;Phoenicophorium borsigianum;1,0000;Phoenicophorium borsigianum;Cardiophorus sp1;6
Unrestored;Casse Dent;2;Cas_2;Phoenicophorium borsigianum;1,0000;Phoenicophorium borsigianum;Forcipomyia (Thyridomyia) litoraurea;1
Unrestored;Casse Dent;2;Cas_2;Phoenicophorium borsigianum;1,0000;Phoenicophorium borsigianum;Cossonini sp1;4
Unrestored;Casse Dent;2;Cas_2;Phoenicophorium borsigianum;1,0000;Phoenicophorium borsigianum;Apis mellifera;4
Unrestored;Casse Dent;2;Cas_2;Phoenicophorium borsigianum;1,0000;Phoenicophorium borsigianum;Atrichopogon yamabukiensis;1
Unrestored;Casse Dent;2;Cas_2;Phoenicophorium borsigianum;1,0000;Phoenicophorium borsigianum;Dichaetomyia fasciculifera;1
Unrestored;Casse Dent;2;Cas_2;Phoenicophorium borsigianum;1,0000;Phoenicophorium borsigianum;Cossonini sp2;3
Unrestored;Casse Dent;2;Cas_2;Phoenicophorium borsigianum;1,0000;Phoenicophorium borsigianum;Scaptodrosophila undet sp1;5
Unrestored;Casse Dent;2;Cas_2;Roscheria melanochaetes;0,1200;Roscheria melanochaetes;Lobosciara bilotata;2
Unrestored;Casse Dent;2;Cas_2;Roscheria melanochaetes;0,1200;Roscheria melanochaetes;Forcipomyia (Euprojoannisia) sp1;14
Unrestored;Casse Dent;2;Cas_2;Roscheria melanochaetes;0,1200;Roscheria melanochaetes;Cardiophorus sp1;10
Unrestored;Casse Dent;2;Cas_2;Roscheria melanochaetes;0,1200;Roscheria melanochaetes;Sciaridae sp1;1
Unrestored;Casse Dent;2;Cas_2;Roscheria melanochaetes;0,1200;Roscheria melanochaetes;Atrichopogon yamabukiensis;3
Unrestored;Casse Dent;2;Cas_2;Roscheria melanochaetes;0,1200;Roscheria melanochaetes;Scaptodrosophila undet sp1;2
Unrestored;Casse Dent;2;Cas_2;Roscheria melanochaetes;0,1200;Roscheria melanochaetes;Scaptodrosophila undet sp2;1
Unrestored;Casse Dent;3;Cas_3;Cinnamomum verum;3,2000;Cinnamomum verum;Apis mellifera;6
Unrestored;Casse Dent;3;Cas_3;Cinnamomum verum;3,2000;Cinnamomum verum;Phelsuma sp;2
Unrestored;Casse Dent;3;Cas_3;Dillenia ferruginea;0,0400;Dillenia ferruginea;Lasioglossum mahense;3
Unrestored;Casse Dent;3;Cas_3;Dillenia ferruginea;0,0400;Dillenia ferruginea;Apis mellifera;1
Unrestored;Casse Dent;3;Cas_3;Dillenia ferruginea;0,0400;Dillenia ferruginea;Staphylinidae sp1;1
Unrestored;Casse Dent;3;Cas_3;Dillenia ferruginea;0,0400;Dillenia ferruginea;Ornidia obesa;1
Unrestored;Casse Dent;3;Cas_3;Erythroxylum sechellarum;0,0400;Erythroxylum sechellarum;Lasioglossum mahense;3
Unrestored;Casse Dent;3;Cas_3;Erythroxylum sechellarum;0,0400;Erythroxylum sechellarum;Apis mellifera;4
Unrestored;Casse Dent;3;Cas_3;Memecylon elaeagni;0,4200;Memecylon elaeagni;Lasioglossum mahense;2
Unrestored;Casse Dent;3;Cas_3;Memecylon elaeagni;0,4200;Memecylon elaeagni;Simosyrphus aegyptius;4
Unrestored;Casse Dent;3;Cas_3;Memecylon elaeagni;0,4200;Memecylon elaeagni;Apis mellifera;5
Unrestored;Casse Dent;3;Cas_3;Roscheria melanochaetes;1,0400;Roscheria melanochaetes;Lobosciara bilotata;12
Unrestored;Casse Dent;3;Cas_3;Roscheria melanochaetes;1,0400;Roscheria melanochaetes;Cardiophorus sp1;8
Unrestored;Casse Dent;3;Cas_3;Roscheria melanochaetes;1,0400;Roscheria melanochaetes;Scaptodrosophila undet sp1;2
Unrestored;Casse Dent;4;Cas_4;Cinnamomum verum;0,1400;Cinnamomum verum;Lasioglossum mahense;9
Unrestored;Casse Dent;4;Cas_4;Cinnamomum verum;0,1400;Cinnamomum verum;Hemipyrellia germana;1
Unrestored;Casse Dent;4;Cas_4;Cinnamomum verum;0,1400;Cinnamomum verum;Apis mellifera;26
Unrestored;Casse Dent;4;Cas_4;Cinnamomum verum;0,1400;Cinnamomum verum;Leptotes pirithous;4
Unrestored;Casse Dent;4;Cas_4;Colea seychellarum;0,1000;Colea seychellarum;Drosophila spinipes;1
Unrestored;Casse Dent;4;Cas_4;Colea seychellarum;0,1000;Colea seychellarum;Apis mellifera;2
Unrestored;Casse Dent;4;Cas_4;Colea seychellarum;0,1000;Colea seychellarum;Cinnyris dussumieri;2
Unrestored;Casse Dent;4;Cas_4;Excoecaria benthamiana;0,0400;Excoecaria benthamiana;Apis mellifera;7
Unrestored;Casse Dent;4;Cas_4;Memecylon elaeagni;2,3200;Memecylon elaeagni;Lasioglossum mahense;2
Unrestored;Casse Dent;4;Cas_4;Memecylon elaeagni;2,3200;Memecylon elaeagni;Simosyrphus aegyptius;3
Unrestored;Casse Dent;4;Cas_4;Memecylon elaeagni;2,3200;Memecylon elaeagni;Apis mellifera;30
Unrestored;Casse Dent;4;Cas_4;Phoenicophorium borsigianum;1,2600;Phoenicophorium borsigianum;Dermestidae sp1;11
Unrestored;Casse Dent;4;Cas_4;Phoenicophorium borsigianum;1,2600;Phoenicophorium borsigianum;Lobosciara bilotata;5
Unrestored;Casse Dent;4;Cas_4;Phoenicophorium borsigianum;1,2600;Phoenicophorium borsigianum;Lasioglossum mahense;23
Unrestored;Casse Dent;4;Cas_4;Phoenicophorium borsigianum;1,2600;Phoenicophorium borsigianum;Nitidulidae sp1;13
Unrestored;Casse Dent;4;Cas_4;Phoenicophorium borsigianum;1,2600;Phoenicophorium borsigianum;Chrysomya megacephala;6
Unrestored;Casse Dent;4;Cas_4;Phoenicophorium borsigianum;1,2600;Phoenicophorium borsigianum;Apis mellifera;4
Unrestored;Casse Dent;4;Cas_4;Phoenicophorium borsigianum;1,2600;Phoenicophorium borsigianum;Sciaridae sp1;3
Unrestored;Casse Dent;4;Cas_4;Phoenicophorium borsigianum;1,2600;Phoenicophorium borsigianum;Scaptodrosophila undet sp1;1
Unrestored;Casse Dent;4;Cas_4;Phoenicophorium borsigianum;1,2600;Phoenicophorium borsigianum;Melanostoma annulipes;2
Unrestored;Casse Dent;4;Cas_4;Psychotria pervillei;0,0600;Psychotria pervillei;Lasioglossum mahense;7
Unrestored;Casse Dent;4;Cas_4;Psychotria pervillei;0,0600;Psychotria pervillei;Apis mellifera;14
Unrestored;Casse Dent;4;Cas_4;Roscheria melanochaetes;0,9000;Roscheria melanochaetes;Dermestidae sp1;5
Unrestored;Casse Dent;4;Cas_4;Roscheria melanochaetes;0,9000;Roscheria melanochaetes;Lasioglossum mahense;1
Unrestored;Casse Dent;4;Cas_4;Roscheria melanochaetes;0,9000;Roscheria melanochaetes;Lygistorrhina sp;2
Unrestored;Casse Dent;4;Cas_4;Roscheria melanochaetes;0,9000;Roscheria melanochaetes;Dasyhelea tamsi;1
Unrestored;Casse Dent;4;Cas_4;Roscheria melanochaetes;0,9000;Roscheria melanochaetes;Cossonini sp1;3
Unrestored;Casse Dent;4;Cas_4;Roscheria melanochaetes;0,9000;Roscheria melanochaetes;Apis mellifera;2
Unrestored;Casse Dent;4;Cas_4;Roscheria melanochaetes;0,9000;Roscheria melanochaetes;Hapalips sp1;3
Unrestored;Casse Dent;4;Cas_4;Roscheria melanochaetes;0,9000;Roscheria melanochaetes;Cossonini sp2;1
Unrestored;Casse Dent;5;Cas_5;Pyrostria bibracteata;0,1600;Pyrostria bibracteata;Lasioglossum mahense;13
Unrestored;Casse Dent;5;Cas_5;Pyrostria bibracteata;0,1600;Pyrostria bibracteata;Chrysomya megacephala;6
Unrestored;Casse Dent;5;Cas_5;Pyrostria bibracteata;0,1600;Pyrostria bibracteata;Apis mellifera;1
Unrestored;Casse Dent;5;Cas_5;Peponidium carinatum;0,0800;Peponidium carinatum;Lasioglossum mahense;3
Unrestored;Casse Dent;5;Cas_5;Dillenia ferruginea;0,0600;Dillenia ferruginea;Lasioglossum mahense;8
Unrestored;Casse Dent;5;Cas_5;Dillenia ferruginea;0,0600;Dillenia ferruginea;Apis mellifera;22
Unrestored;Casse Dent;5;Cas_5;Erythroxylum sechellarum;0,1200;Erythroxylum sechellarum;Lasioglossum mahense;15
Unrestored;Casse Dent;5;Cas_5;Erythroxylum sechellarum;0,1200;Erythroxylum sechellarum;Atrichopogon yamabukiensis;1
Unrestored;Casse Dent;5;Cas_5;Excoecaria benthamiana;0,3000;Excoecaria benthamiana;Chrysomya megacephala;1
Unrestored;Casse Dent;5;Cas_5;Excoecaria benthamiana;0,3000;Excoecaria benthamiana;Coccinellidae sp2;1
Unrestored;Casse Dent;5;Cas_5;Excoecaria benthamiana;0,3000;Excoecaria benthamiana;Apis mellifera;10
Unrestored;Casse Dent;5;Cas_5;Glionnetia sericea;0,1200;Glionnetia sericea;Agrius convolvuli;1
Unrestored;Casse Dent;5;Cas_5;Memecylon elaeagni;0,9000;Memecylon elaeagni;Lasioglossum mahense;1
Unrestored;Casse Dent;5;Cas_5;Memecylon elaeagni;0,9000;Memecylon elaeagni;Simosyrphus aegyptius;1
Unrestored;Casse Dent;5;Cas_5;Memecylon elaeagni;0,9000;Memecylon elaeagni;Apis mellifera;1
Unrestored;Casse Dent;5;Cas_5;Phoenicophorium borsigianum;0,1400;Phoenicophorium borsigianum;Dermestidae sp1;8
Unrestored;Casse Dent;5;Cas_5;Phoenicophorium borsigianum;0,1400;Phoenicophorium borsigianum;Lasioglossum mahense;16
Unrestored;Casse Dent;5;Cas_5;Phoenicophorium borsigianum;0,1400;Phoenicophorium borsigianum;Nitidulidae sp1;1
Unrestored;Casse Dent;5;Cas_5;Phoenicophorium borsigianum;0,1400;Phoenicophorium borsigianum;Cardiophorus sp1;32
Unrestored;Casse Dent;5;Cas_5;Phoenicophorium borsigianum;0,1400;Phoenicophorium borsigianum;Cossonini sp1;2
Unrestored;Casse Dent;5;Cas_5;Phoenicophorium borsigianum;0,1400;Phoenicophorium borsigianum;Apis mellifera;6
Unrestored;Casse Dent;5;Cas_5;Roscheria melanochaetes;0,7200;Roscheria melanochaetes;Forcipomyia (Euprojoannisia) sp1;11
Unrestored;Casse Dent;5;Cas_5;Roscheria melanochaetes;0,7200;Roscheria melanochaetes;Cardiophorus sp1;18
Unrestored;Casse Dent;5;Cas_5;Roscheria melanochaetes;0,7200;Roscheria melanochaetes;Cossonini sp1;1
Unrestored;Casse Dent;6;Cas_6;Alstonia macrophylla;0,3000;Alstonia macrophylla;Forcipomyia (Euprojoannisia) sp1;1
Unrestored;Casse Dent;6;Cas_6;Alstonia macrophylla;0,3000;Alstonia macrophylla;Chrysomya megacephala;1
Unrestored;Casse Dent;6;Cas_6;Alstonia macrophylla;0,3000;Alstonia macrophylla;Apis mellifera;7
Unrestored;Casse Dent;6;Cas_6;Alstonia macrophylla;0,3000;Alstonia macrophylla;Delta alluaudi;2
Unrestored;Casse Dent;6;Cas_6;Pyrostria bibracteata;0,1400;Pyrostria bibracteata;Lasioglossum mahense;2
Unrestored;Casse Dent;6;Cas_6;Pyrostria bibracteata;0,1400;Pyrostria bibracteata;Apis mellifera;12
Unrestored;Casse Dent;6;Cas_6;Dillenia ferruginea;0,0400;Dillenia ferruginea;Dermestidae sp1;2
Unrestored;Casse Dent;6;Cas_6;Dillenia ferruginea;0,0400;Dillenia ferruginea;Lasioglossum mahense;12
Unrestored;Casse Dent;6;Cas_6;Dillenia ferruginea;0,0400;Dillenia ferruginea;Apis mellifera;14
Unrestored;Casse Dent;6;Cas_6;Dillenia ferruginea;0,0400;Dillenia ferruginea;Ornidia obesa;1
Unrestored;Casse Dent;6;Cas_6;Dillenia ferruginea;0,0400;Dillenia ferruginea;Cinnyris dussumieri;2
Unrestored;Casse Dent;6;Cas_6;Erythroxylum sechellarum;0,3600;Erythroxylum sechellarum;Lasioglossum mahense;9
Unrestored;Casse Dent;6;Cas_6;Paragenipa lancifolia;0,3000;Paragenipa lancifolia;Lasioglossum mahense;9
Unrestored;Casse Dent;6;Cas_6;Paragenipa lancifolia;0,3000;Paragenipa lancifolia;Apis mellifera;3
Unrestored;Casse Dent;6;Cas_6;Phoenicophorium borsigianum;1,1000;Phoenicophorium borsigianum;Dermestidae sp1;1
Unrestored;Casse Dent;6;Cas_6;Phoenicophorium borsigianum;1,1000;Phoenicophorium borsigianum;Rhiparida seychellensis;39
Unrestored;Casse Dent;6;Cas_6;Phoenicophorium borsigianum;1,1000;Phoenicophorium borsigianum;Lasioglossum mahense;23
Unrestored;Casse Dent;6;Cas_6;Phoenicophorium borsigianum;1,1000;Phoenicophorium borsigianum;Hemipyrellia germana;1
Unrestored;Casse Dent;6;Cas_6;Phoenicophorium borsigianum;1,1000;Phoenicophorium borsigianum;Forcipomyia (Euprojoannisia) sp1;2
Unrestored;Casse Dent;6;Cas_6;Phoenicophorium borsigianum;1,1000;Phoenicophorium borsigianum;Lygistorrhina sp;1
Unrestored;Casse Dent;6;Cas_6;Phoenicophorium borsigianum;1,1000;Phoenicophorium borsigianum;Dasyhelea tamsi;13
Unrestored;Casse Dent;6;Cas_6;Phoenicophorium borsigianum;1,1000;Phoenicophorium borsigianum;Nitidulidae sp1;7
Unrestored;Casse Dent;6;Cas_6;Phoenicophorium borsigianum;1,1000;Phoenicophorium borsigianum;Cardiophorus sp1;4
Unrestored;Casse Dent;6;Cas_6;Phoenicophorium borsigianum;1,1000;Phoenicophorium borsigianum;near Eurycratus sp1;1
Unrestored;Casse Dent;6;Cas_6;Phoenicophorium borsigianum;1,1000;Phoenicophorium borsigianum;Cratopus aurostriatus;1
Unrestored;Casse Dent;6;Cas_6;Phoenicophorium borsigianum;1,1000;Phoenicophorium borsigianum;Forcipomyia (Thyridomyia) litoraurea;2
Unrestored;Casse Dent;6;Cas_6;Phoenicophorium borsigianum;1,1000;Phoenicophorium borsigianum;Cossonini sp1;9
Unrestored;Casse Dent;6;Cas_6;Phoenicophorium borsigianum;1,1000;Phoenicophorium borsigianum;Platygastridae sp1;2
Unrestored;Casse Dent;6;Cas_6;Phoenicophorium borsigianum;1,1000;Phoenicophorium borsigianum;Cryptophagidae sp2;19
Unrestored;Casse Dent;6;Cas_6;Roscheria melanochaetes;0,3000;Roscheria melanochaetes;Dermestidae sp1;3
Unrestored;Casse Dent;6;Cas_6;Roscheria melanochaetes;0,3000;Roscheria melanochaetes;Forcipomyia (Euprojoannisia) sp1;4
Unrestored;Casse Dent;6;Cas_6;Roscheria melanochaetes;0,3000;Roscheria melanochaetes;Dasyhelea tamsi;9
Unrestored;Casse Dent;6;Cas_6;Roscheria melanochaetes;0,3000;Roscheria melanochaetes;Cardiophorus sp1;9
Unrestored;Casse Dent;6;Cas_6;Roscheria melanochaetes;0,3000;Roscheria melanochaetes;Apis mellifera;1
Unrestored;Casse Dent;6;Cas_6;Roscheria melanochaetes;0,3000;Roscheria melanochaetes;Cossonini sp2;2
Unrestored;Casse Dent;7;Cas_7;Colea seychellarum;0,0400;Colea seychellarum;Lasioglossum mahense;1
Unrestored;Casse Dent;7;Cas_7;Colea seychellarum;0,0400;Colea seychellarum;Apis mellifera;1
Unrestored;Casse Dent;7;Cas_7;Colea seychellarum;0,0400;Colea seychellarum;Cinnyris dussumieri;1
Unrestored;Casse Dent;7;Cas_7;Dillenia ferruginea;0,1800;Dillenia ferruginea;Lasioglossum mahense;7
Unrestored;Casse Dent;7;Cas_7;Dillenia ferruginea;0,1800;Dillenia ferruginea;Apis mellifera;3
Unrestored;Casse Dent;7;Cas_7;Dillenia ferruginea;0,1800;Dillenia ferruginea;Ornidia obesa;2
Unrestored;Casse Dent;7;Cas_7;Dillenia ferruginea;0,1800;Dillenia ferruginea;Cinnyris dussumieri;3
Unrestored;Casse Dent;7;Cas_7;Excoecaria benthamiana;0,1800;Excoecaria benthamiana;Lasioglossum mahense;8
Unrestored;Casse Dent;7;Cas_7;Excoecaria benthamiana;0,1800;Excoecaria benthamiana;Simosyrphus aegyptius;2
Unrestored;Casse Dent;7;Cas_7;Excoecaria benthamiana;0,1800;Excoecaria benthamiana;Hymenoptera sp1;3
Unrestored;Casse Dent;7;Cas_7;Excoecaria benthamiana;0,1800;Excoecaria benthamiana;Coccinellidae sp3;1
Unrestored;Casse Dent;7;Cas_7;Nephrosperma vanhoutteanum;1,1800;Nephrosperma vanhoutteanum;Dermestidae sp1;20
Unrestored;Casse Dent;7;Cas_7;Nephrosperma vanhoutteanum;1,1800;Nephrosperma vanhoutteanum;Rhiparida seychellensis;12
Unrestored;Casse Dent;7;Cas_7;Nephrosperma vanhoutteanum;1,1800;Nephrosperma vanhoutteanum;Lasioglossum mahense;72
Unrestored;Casse Dent;7;Cas_7;Nephrosperma vanhoutteanum;1,1800;Nephrosperma vanhoutteanum;Lygistorrhina sp;2
Unrestored;Casse Dent;7;Cas_7;Nephrosperma vanhoutteanum;1,1800;Nephrosperma vanhoutteanum;Apis mellifera;31
Unrestored;Casse Dent;7;Cas_7;Nephrosperma vanhoutteanum;1,1800;Nephrosperma vanhoutteanum;Scaptodrosophila undet sp2;1
Unrestored;Casse Dent;7;Cas_7;Phoenicophorium borsigianum;0,8800;Phoenicophorium borsigianum;Dermestidae sp1;5
Unrestored;Casse Dent;7;Cas_7;Phoenicophorium borsigianum;0,8800;Phoenicophorium borsigianum;Rhiparida seychellensis;22
Unrestored;Casse Dent;7;Cas_7;Phoenicophorium borsigianum;0,8800;Phoenicophorium borsigianum;Lasioglossum mahense;40
Unrestored;Casse Dent;7;Cas_7;Phoenicophorium borsigianum;0,8800;Phoenicophorium borsigianum;Nitidulidae sp1;1
Unrestored;Casse Dent;7;Cas_7;Phoenicophorium borsigianum;0,8800;Phoenicophorium borsigianum;Cardiophorus sp1;9
Unrestored;Casse Dent;7;Cas_7;Phoenicophorium borsigianum;0,8800;Phoenicophorium borsigianum;Cossonini sp1;1
Unrestored;Casse Dent;7;Cas_7;Phoenicophorium borsigianum;0,8800;Phoenicophorium borsigianum;Apis mellifera;14
Unrestored;Casse Dent;7;Cas_7;Phoenicophorium borsigianum;0,8800;Phoenicophorium borsigianum;Cryptophagidae sp2;4
Unrestored;Casse Dent;7;Cas_7;Roscheria melanochaetes;1,5600;Roscheria melanochaetes;Rhiparida seychellensis;2
Unrestored;Casse Dent;7;Cas_7;Roscheria melanochaetes;1,5600;Roscheria melanochaetes;Forcipomyia (Euprojoannisia) sp1;10
Unrestored;Casse Dent;7;Cas_7;Roscheria melanochaetes;1,5600;Roscheria melanochaetes;Dichaetomyia fasciculifera;2
Unrestored;Casse Dent;7;Cas_7;Roscheria melanochaetes;1,5600;Roscheria melanochaetes;Cossonini sp2;1
Unrestored;Casse Dent;8;Cas_8;Cinnamomum verum;0,3200;Cinnamomum verum;Lasioglossum mahense;3
Unrestored;Casse Dent;8;Cas_8;Cinnamomum verum;0,3200;Cinnamomum verum;Hemipyrellia germana;1
Unrestored;Casse Dent;8;Cas_8;Cinnamomum verum;0,3200;Cinnamomum verum;Chrysomya megacephala;1
Unrestored;Casse Dent;8;Cas_8;Cinnamomum verum;0,3200;Cinnamomum verum;Apis mellifera;20
Unrestored;Casse Dent;8;Cas_8;Cinnamomum verum;0,3200;Cinnamomum verum;Ornidia obesa;1
Unrestored;Casse Dent;8;Cas_8;Colea seychellarum;0,0400;Colea seychellarum;Cinnyris dussumieri;1
Unrestored;Casse Dent;8;Cas_8;Erythroxylum sechellarum;0,0800;Erythroxylum sechellarum;Lasioglossum mahense;11
Unrestored;Casse Dent;8;Cas_8;Erythroxylum sechellarum;0,0800;Erythroxylum sechellarum;Apis mellifera;1
Unrestored;Casse Dent;8;Cas_8;Nephrosperma vanhoutteanum;0,6600;Nephrosperma vanhoutteanum;Dermestidae sp1;8
Unrestored;Casse Dent;8;Cas_8;Nephrosperma vanhoutteanum;0,6600;Nephrosperma vanhoutteanum;Rhiparida seychellensis;1
Unrestored;Casse Dent;8;Cas_8;Nephrosperma vanhoutteanum;0,6600;Nephrosperma vanhoutteanum;Lasioglossum mahense;49
Unrestored;Casse Dent;8;Cas_8;Nephrosperma vanhoutteanum;0,6600;Nephrosperma vanhoutteanum;Dasyhelea tamsi;2
Unrestored;Casse Dent;8;Cas_8;Nephrosperma vanhoutteanum;0,6600;Nephrosperma vanhoutteanum;Apis mellifera;15
Unrestored;Casse Dent;8;Cas_8;Nephrosperma vanhoutteanum;0,6600;Nephrosperma vanhoutteanum;Polistes olivaceus;1
Unrestored;Casse Dent;8;Cas_8;Phoenicophorium borsigianum;1,3000;Phoenicophorium borsigianum;Dermestidae sp1;4
Unrestored;Casse Dent;8;Cas_8;Phoenicophorium borsigianum;1,3000;Phoenicophorium borsigianum;Lasioglossum mahense;32
Unrestored;Casse Dent;8;Cas_8;Phoenicophorium borsigianum;1,3000;Phoenicophorium borsigianum;Mordellistena coleae;1
Unrestored;Casse Dent;8;Cas_8;Phoenicophorium borsigianum;1,3000;Phoenicophorium borsigianum;Nitidulidae sp1;7
Unrestored;Casse Dent;8;Cas_8;Phoenicophorium borsigianum;1,3000;Phoenicophorium borsigianum;Cossonini sp1;3
Unrestored;Casse Dent;8;Cas_8;Phoenicophorium borsigianum;1,3000;Phoenicophorium borsigianum;Apis mellifera;1
Unrestored;Casse Dent;8;Cas_8;Phoenicophorium borsigianum;1,3000;Phoenicophorium borsigianum;Cossonini sp2;2
Unrestored;Casse Dent;8;Cas_8;Soulamea terminalioides;0,4000;Soulamea terminalioides;Chalybion madecassum;2
Unrestored;Copolia;1;Cop_1;Campnosperma seychellarum;0,1625;Campnosperma seychellarum;Rhiparida seychellensis;6
Unrestored;Copolia;1;Cop_1;Campnosperma seychellarum;0,1625;Campnosperma seychellarum;Lobosciara bilotata;1
Unrestored;Copolia;1;Cop_1;Campnosperma seychellarum;0,1625;Campnosperma seychellarum;Lygistorrhina sp;1
Unrestored;Copolia;1;Cop_1;Campnosperma seychellarum;0,1625;Campnosperma seychellarum;Ptinidae sp2;1
Unrestored;Copolia;1;Cop_1;Campnosperma seychellarum;0,1625;Campnosperma seychellarum;Sciaridae sp1;1
Unrestored;Copolia;1;Cop_1;Campnosperma seychellarum;0,1625;Campnosperma seychellarum;Staphylinidae sp2;6
Unrestored;Copolia;1;Cop_1;Craterispermum microdon;0,0250;Craterispermum microdon;Cardiophorus sp1;2
Unrestored;Copolia;1;Cop_1;Craterispermum microdon;0,0250;Craterispermum microdon;Apis mellifera;2
Unrestored;Copolia;1;Cop_1;Erythroxylum sechellarum;0,6125;Erythroxylum sechellarum;Apis mellifera;6
Unrestored;Copolia;1;Cop_1;Erythroxylum sechellarum;0,6125;Erythroxylum sechellarum;Chironomus sp;1
Unrestored;Copolia;1;Cop_1;Excoecaria benthamiana;0,5250;Excoecaria benthamiana;Forcipomyia (Euprojoannisia) sp1;1
Unrestored;Copolia;1;Cop_1;Excoecaria benthamiana;0,5250;Excoecaria benthamiana;near Eurycratus sp1;1
Unrestored;Copolia;1;Cop_1;Excoecaria benthamiana;0,5250;Excoecaria benthamiana;Forcipomyia sp3;1
Unrestored;Copolia;1;Cop_1;Nephrosperma vanhoutteanum;0,0625;Nephrosperma vanhoutteanum;Rhiparida seychellensis;17
Unrestored;Copolia;1;Cop_1;Nephrosperma vanhoutteanum;0,0625;Nephrosperma vanhoutteanum;Lobosciara bilotata;2
Unrestored;Copolia;1;Cop_1;Nephrosperma vanhoutteanum;0,0625;Nephrosperma vanhoutteanum;Lasioglossum mahense;8
Unrestored;Copolia;1;Cop_1;Nephrosperma vanhoutteanum;0,0625;Nephrosperma vanhoutteanum;Dasyhelea tamsi;3
Unrestored;Copolia;1;Cop_1;Nephrosperma vanhoutteanum;0,0625;Nephrosperma vanhoutteanum;Cratopus aurostriatus;5
Unrestored;Copolia;1;Cop_1;Nephrosperma vanhoutteanum;0,0625;Nephrosperma vanhoutteanum;Apis mellifera;9
Unrestored;Copolia;1;Cop_1;Roscheria melanochaetes;0,1000;Roscheria melanochaetes;Forcipomyia (Euprojoannisia) sp1;6
Unrestored;Copolia;1;Cop_1;Roscheria melanochaetes;0,1000;Roscheria melanochaetes;Lygistorrhina sp;2
Unrestored;Copolia;1;Cop_1;Roscheria melanochaetes;0,1000;Roscheria melanochaetes;Dasyhelea tamsi;7
Unrestored;Copolia;1;Cop_1;Roscheria melanochaetes;0,1000;Roscheria melanochaetes;Mordellistena coleae;2
Unrestored;Copolia;1;Cop_1;Roscheria melanochaetes;0,1000;Roscheria melanochaetes;Cardiophorus sp1;12
Unrestored;Copolia;1;Cop_1;Roscheria melanochaetes;0,1000;Roscheria melanochaetes;Sciaridae sp1;1
Unrestored;Copolia;1;Cop_1;Roscheria melanochaetes;0,1000;Roscheria melanochaetes;Cossonini sp2;2
Unrestored;Copolia;1;Cop_1;Soulamea terminalioides;0,2625;Soulamea terminalioides;Lobosciara bilotata;2
Unrestored;Copolia;1;Cop_1;Soulamea terminalioides;0,2625;Soulamea terminalioides;Forcipomyia (Euprojoannisia) sp1;5
Unrestored;Copolia;1;Cop_1;Soulamea terminalioides;0,2625;Soulamea terminalioides;Sciaridae sp1;5
Unrestored;Copolia;1;Cop_1;Soulamea terminalioides;0,2625;Soulamea terminalioides;Dichaetomyia fasciculifera;2
Unrestored;Copolia;2;Cop_2;Craterispermum microdon;0,2000;Craterispermum microdon;Lobosciara bilotata;1
Unrestored;Copolia;2;Cop_2;Craterispermum microdon;0,2000;Craterispermum microdon;Lasioglossum mahense;2
Unrestored;Copolia;2;Cop_2;Craterispermum microdon;0,2000;Craterispermum microdon;Apis mellifera;2
Unrestored;Copolia;2;Cop_2;Craterispermum microdon;0,2000;Craterispermum microdon;Forcipomyia sp2;1
Unrestored;Copolia;2;Cop_2;Craterispermum microdon;0,2000;Craterispermum microdon;Sciaridae sp1;2
Unrestored;Copolia;2;Cop_2;Craterispermum microdon;0,2000;Craterispermum microdon;Odontomyia sp;1
Unrestored;Copolia;2;Cop_2;Erythroxylum sechellarum;0,4625;Erythroxylum sechellarum;Lasioglossum mahense;2
Unrestored;Copolia;2;Cop_2;Erythroxylum sechellarum;0,4625;Erythroxylum sechellarum;Simosyrphus aegyptius;1
Unrestored;Copolia;2;Cop_2;Erythroxylum sechellarum;0,4625;Erythroxylum sechellarum;Forcipomyia (Euprojoannisia) sp1;1
Unrestored;Copolia;2;Cop_2;Erythroxylum sechellarum;0,4625;Erythroxylum sechellarum;Apis mellifera;10
Unrestored;Copolia;2;Cop_2;Memecylon elaeagni;0,4625;Memecylon elaeagni;Simosyrphus aegyptius;1
Unrestored;Copolia;2;Cop_2;Memecylon elaeagni;0,4625;Memecylon elaeagni;Apis mellifera;1
Unrestored;Copolia;2;Cop_2;Mimusops sechellarum;0,0250;Mimusops sechellarum;Lasioglossum mahense;5
Unrestored;Copolia;2;Cop_2;Mimusops sechellarum;0,0250;Mimusops sechellarum;Apis mellifera;1
Unrestored;Copolia;2;Cop_2;Mimusops sechellarum;0,0250;Mimusops sechellarum;Cinnyris dussumieri;5
Unrestored;Copolia;2;Cop_2;Mimusops sechellarum;0,0250;Mimusops sechellarum;Polistes olivaceus;1
Unrestored;Copolia;2;Cop_2;Paragenipa lancifolia;0,2125;Paragenipa lancifolia;Lobosciara bilotata;2
Unrestored;Copolia;2;Cop_2;Paragenipa lancifolia;0,2125;Paragenipa lancifolia;Lasioglossum mahense;4
Unrestored;Copolia;2;Cop_2;Paragenipa lancifolia;0,2125;Paragenipa lancifolia;Apis mellifera;1
Unrestored;Copolia;2;Cop_2;Roscheria melanochaetes;0,3000;Roscheria melanochaetes;Dermestidae sp1;1
Unrestored;Copolia;2;Cop_2;Roscheria melanochaetes;0,3000;Roscheria melanochaetes;Rhiparida seychellensis;1
Unrestored;Copolia;2;Cop_2;Roscheria melanochaetes;0,3000;Roscheria melanochaetes;Forcipomyia (Euprojoannisia) sp1;1
Unrestored;Copolia;2;Cop_2;Roscheria melanochaetes;0,3000;Roscheria melanochaetes;Lygistorrhina sp;5
Unrestored;Copolia;2;Cop_2;Roscheria melanochaetes;0,3000;Roscheria melanochaetes;Dasyhelea tamsi;1
Unrestored;Copolia;2;Cop_2;Roscheria melanochaetes;0,3000;Roscheria melanochaetes;Cardiophorus sp1;6
Unrestored;Copolia;2;Cop_2;Roscheria melanochaetes;0,3000;Roscheria melanochaetes;Forcipomyia sp2;1
Unrestored;Copolia;2;Cop_2;Roscheria melanochaetes;0,3000;Roscheria melanochaetes;Sciaridae sp1;1
Unrestored;Copolia;2;Cop_2;Roscheria melanochaetes;0,3000;Roscheria melanochaetes;Atrichopogon yamabukiensis;1
Unrestored;Copolia;2;Cop_2;Roscheria melanochaetes;0,3000;Roscheria melanochaetes;Scaptodrosophila undet sp1;6
Unrestored;Copolia;2;Cop_2;Roscheria melanochaetes;0,3000;Roscheria melanochaetes;Cecidomie sp;1
Unrestored;Copolia;3;Cop_3;Campnosperma seychellarum;0,1500;Campnosperma seychellarum;Rhiparida seychellensis;32
Unrestored;Copolia;3;Cop_3;Cinnamomum verum;3,9750;Cinnamomum verum;Lasioglossum mahense;2
Unrestored;Copolia;3;Cop_3;Cinnamomum verum;3,9750;Cinnamomum verum;Hemipyrellia germana;2
Unrestored;Copolia;3;Cop_3;Cinnamomum verum;3,9750;Cinnamomum verum;Forcipomyia (Euprojoannisia) sp1;1
Unrestored;Copolia;3;Cop_3;Cinnamomum verum;3,9750;Cinnamomum verum;Eristalinus sp;2
Unrestored;Copolia;3;Cop_3;Cinnamomum verum;3,9750;Cinnamomum verum;Apis mellifera;18
Unrestored;Copolia;3;Cop_3;Cinnamomum verum;3,9750;Cinnamomum verum;Atrichopogon yamabukiensis;1
Unrestored;Copolia;3;Cop_3;Cinnamomum verum;3,9750;Cinnamomum verum;Ornidia obesa;1
Unrestored;Copolia;3;Cop_3;Erythroxylum sechellarum;1,2000;Erythroxylum sechellarum;Lasioglossum mahense;3
Unrestored;Copolia;3;Cop_3;Erythroxylum sechellarum;1,2000;Erythroxylum sechellarum;Simosyrphus aegyptius;2
Unrestored;Copolia;3;Cop_3;Erythroxylum sechellarum;1,2000;Erythroxylum sechellarum;Apis mellifera;7
Unrestored;Copolia;3;Cop_3;Erythroxylum sechellarum;1,2000;Erythroxylum sechellarum;Amblypsilopus (?) nr. simplex;1
Unrestored;Copolia;3;Cop_3;Erythroxylum sechellarum;1,2000;Erythroxylum sechellarum;Forcipomyia (Microhelea) amieuensis;1
Unrestored;Copolia;3;Cop_3;Excoecaria benthamiana;0,3500;Excoecaria benthamiana;Forcipomyia (Thyridomyia) litoraurea;1
Unrestored;Copolia;3;Cop_3;Excoecaria benthamiana;0,3500;Excoecaria benthamiana;Apis mellifera;3
Unrestored;Copolia;3;Cop_3;Excoecaria benthamiana;0,3500;Excoecaria benthamiana;Dermestidae sp2;1
Unrestored;Copolia;3;Cop_3;Excoecaria benthamiana;0,3500;Excoecaria benthamiana;Forcipomyia (Microhelea) amieuensis;1
Unrestored;Copolia;3;Cop_3;Memecylon elaeagni;0,0750;Memecylon elaeagni;Lasioglossum mahense;5
Unrestored;Copolia;3;Cop_3;Memecylon elaeagni;0,0750;Memecylon elaeagni;Simosyrphus aegyptius;1
Unrestored;Copolia;3;Cop_3;Memecylon elaeagni;0,0750;Memecylon elaeagni;Apis mellifera;1
Unrestored;Copolia;3;Cop_3;Memecylon elaeagni;0,0750;Memecylon elaeagni;Geron seychellarum;1
Unrestored;Copolia;3;Cop_3;Mimusops sechellarum;0,0750;Mimusops sechellarum;Lasioglossum mahense;4
Unrestored;Copolia;3;Cop_3;Mimusops sechellarum;0,0750;Mimusops sechellarum;Apis mellifera;5
Unrestored;Copolia;3;Cop_3;Mimusops sechellarum;0,0750;Mimusops sechellarum;Cinnyris dussumieri;2
Unrestored;Copolia;3;Cop_3;Nephrosperma vanhoutteanum;0,7000;Nephrosperma vanhoutteanum;Dermestidae sp1;23
Unrestored;Copolia;3;Cop_3;Nephrosperma vanhoutteanum;0,7000;Nephrosperma vanhoutteanum;Lasioglossum mahense;18
Unrestored;Copolia;3;Cop_3;Nephrosperma vanhoutteanum;0,7000;Nephrosperma vanhoutteanum;Cratopus aurostriatus;2
Unrestored;Copolia;3;Cop_3;Nephrosperma vanhoutteanum;0,7000;Nephrosperma vanhoutteanum;Apis mellifera;14
Unrestored;Copolia;3;Cop_3;Nephrosperma vanhoutteanum;0,7000;Nephrosperma vanhoutteanum;Sciaridae sp1;4
Unrestored;Copolia;3;Cop_3;Roscheria melanochaetes;0,2500;Roscheria melanochaetes;Cardiophorus sp1;4
Unrestored;Copolia;3;Cop_3;Roscheria melanochaetes;0,2500;Roscheria melanochaetes;Cratopus aurostriatus;1
Unrestored;Copolia;3;Cop_3;Roscheria melanochaetes;0,2500;Roscheria melanochaetes;Sciaridae sp1;5
Unrestored;Copolia;3;Cop_3;Roscheria melanochaetes;0,2500;Roscheria melanochaetes;Atrichopogon yamabukiensis;1
Unrestored;Copolia;3;Cop_3;Roscheria melanochaetes;0,2500;Roscheria melanochaetes;Scaptodrosophila undet sp1;2
Unrestored;Copolia;3;Cop_3;Roscheria melanochaetes;0,2500;Roscheria melanochaetes;Forcipomyia (Microhelea) amieuensis;1
Unrestored;Copolia;3;Cop_3;Soulamea terminalioides;0,1750;Soulamea terminalioides;Apis mellifera;1
Unrestored;Copolia;3;Cop_3;Soulamea terminalioides;0,1750;Soulamea terminalioides;Ornidia obesa;4
Unrestored;Copolia;3;Cop_3;Soulamea terminalioides;0,1750;Soulamea terminalioides;Platygastridae sp2;1
Unrestored;Copolia;3;Cop_3;Timonius flavescens;0,0375;Timonius flavescens;Lasioglossum mahense;1
Unrestored;Copolia;3;Cop_3;Timonius flavescens;0,0375;Timonius flavescens;Thripomorpha rufithorax;1
Unrestored;Copolia;4;Cop_4;Campnosperma seychellarum;0,1750;Campnosperma seychellarum;Rhiparida seychellensis;1
Unrestored;Copolia;4;Cop_4;Campnosperma seychellarum;0,1750;Campnosperma seychellarum;Lasioglossum mahense;2
Unrestored;Copolia;4;Cop_4;Campnosperma seychellarum;0,1750;Campnosperma seychellarum;Simosyrphus aegyptius;1
Unrestored;Copolia;4;Cop_4;Campnosperma seychellarum;0,1750;Campnosperma seychellarum;Apis mellifera;2
Unrestored;Copolia;4;Cop_4;Campnosperma seychellarum;0,1750;Campnosperma seychellarum;Dichaetomyia fasciculifera;1
Unrestored;Copolia;4;Cop_4;Campnosperma seychellarum;0,1750;Campnosperma seychellarum;Staphylinidae sp2;2
Unrestored;Copolia;4;Cop_4;Craterispermum microdon;0,0625;Craterispermum microdon;Lasioglossum mahense;7
Unrestored;Copolia;4;Cop_4;Craterispermum microdon;0,0625;Craterispermum microdon;Apis mellifera;9
Unrestored;Copolia;4;Cop_4;Craterispermum microdon;0,0625;Craterispermum microdon;Atrichopogon yamabukiensis;1
Unrestored;Copolia;4;Cop_4;Erythroxylum sechellarum;0,3375;Erythroxylum sechellarum;Lasioglossum mahense;5
Unrestored;Copolia;4;Cop_4;Erythroxylum sechellarum;0,3375;Erythroxylum sechellarum;Apis mellifera;2
Unrestored;Copolia;4;Cop_4;Excoecaria benthamiana;0,3875;Excoecaria benthamiana;Apis mellifera;1
Unrestored;Copolia;4;Cop_4;Excoecaria benthamiana;0,3875;Excoecaria benthamiana;Hymenoptera sp2;1
Unrestored;Copolia;4;Cop_4;Memecylon elaeagni;0,2875;Memecylon elaeagni;Lasioglossum mahense;4
Unrestored;Copolia;4;Cop_4;Memecylon elaeagni;0,2875;Memecylon elaeagni;Simosyrphus aegyptius;3
Unrestored;Copolia;4;Cop_4;Memecylon elaeagni;0,2875;Memecylon elaeagni;Apis mellifera;4
Unrestored;Copolia;4;Cop_4;Mimusops sechellarum;0,0250;Mimusops sechellarum;Lasioglossum mahense;8
Unrestored;Copolia;4;Cop_4;Mimusops sechellarum;0,0250;Mimusops sechellarum;Apis mellifera;7
Unrestored;Copolia;4;Cop_4;Mimusops sechellarum;0,0250;Mimusops sechellarum;Cinnyris dussumieri;5
Unrestored;Copolia;4;Cop_4;Mimusops sechellarum;0,0250;Mimusops sechellarum;Scolytidae sp4;1
Unrestored;Copolia;4;Cop_4;Nepenthes pervillei;0,1750;Nepenthes pervillei;Musca domestica;2
Unrestored;Copolia;4;Cop_4;Nepenthes pervillei;0,1750;Nepenthes pervillei;Parasarcophaga hirticeps;1
Unrestored;Copolia;4;Cop_4;Nepenthes pervillei;0,1750;Nepenthes pervillei;Hemipyrellia germana;1
Unrestored;Copolia;4;Cop_4;Nepenthes pervillei;0,1750;Nepenthes pervillei;Simosyrphus aegyptius;1
Unrestored;Copolia;4;Cop_4;Nepenthes pervillei;0,1750;Nepenthes pervillei;Lygistorrhina sp;1
Unrestored;Copolia;4;Cop_4;Nepenthes pervillei;0,1750;Nepenthes pervillei;Chrysomya megacephala;1
Unrestored;Copolia;4;Cop_4;Psychotria pervillei;0,0750;Psychotria pervillei;Apis mellifera;8
Unrestored;Copolia;4;Cop_4;Psychotria pervillei;0,0750;Psychotria pervillei;Cinnyris dussumieri;3
Unrestored;Copolia;4;Cop_4;Roscheria melanochaetes;0,0125;Roscheria melanochaetes;Lasioglossum mahense;1
Unrestored;Copolia;4;Cop_4;Roscheria melanochaetes;0,0125;Roscheria melanochaetes;Forcipomyia (Euprojoannisia) sp1;1
Unrestored;Copolia;4;Cop_4;Roscheria melanochaetes;0,0125;Roscheria melanochaetes;Cardiophorus sp1;11
Unrestored;Copolia;4;Cop_4;Roscheria melanochaetes;0,0125;Roscheria melanochaetes;Apis mellifera;3
Unrestored;Copolia;4;Cop_4;Roscheria melanochaetes;0,0125;Roscheria melanochaetes;Forcipomyia (Microhelea) amieuensis;2
Unrestored;Copolia;5;Cop_5;Craterispermum microdon;0,0250;Craterispermum microdon;Lasioglossum mahense;5
Unrestored;Copolia;5;Cop_5;Craterispermum microdon;0,0250;Craterispermum microdon;Apis mellifera;1
Unrestored;Copolia;5;Cop_5;Craterispermum microdon;0,0250;Craterispermum microdon;Sargus seychellensis;1
Unrestored;Copolia;5;Cop_5;Dillenia ferruginea;0,1500;Dillenia ferruginea;Lasioglossum mahense;3
Unrestored;Copolia;5;Cop_5;Dillenia ferruginea;0,1500;Dillenia ferruginea;Apis mellifera;3
Unrestored;Copolia;5;Cop_5;Dillenia ferruginea;0,1500;Dillenia ferruginea;Ornidia obesa;2
Unrestored;Copolia;5;Cop_5;Erythroxylum sechellarum;0,4625;Erythroxylum sechellarum;Lasioglossum mahense;7
Unrestored;Copolia;5;Cop_5;Erythroxylum sechellarum;0,4625;Erythroxylum sechellarum;Apis mellifera;3
Unrestored;Copolia;5;Cop_5;Excoecaria benthamiana;0,5875;Excoecaria benthamiana;Apis mellifera;4
Unrestored;Copolia;5;Cop_5;Glionnetia sericea;0,1000;Glionnetia sericea;Agrius convolvuli;1
Unrestored;Copolia;5;Cop_5;Memecylon elaeagni;0,8125;Memecylon elaeagni;Lasioglossum mahense;7
Unrestored;Copolia;5;Cop_5;Memecylon elaeagni;0,8125;Memecylon elaeagni;Simosyrphus aegyptius;3
Unrestored;Copolia;5;Cop_5;Memecylon elaeagni;0,8125;Memecylon elaeagni;Apis mellifera;7
Unrestored;Copolia;5;Cop_5;Memecylon elaeagni;0,8125;Memecylon elaeagni;Polistes olivaceus;2
Unrestored;Copolia;5;Cop_5;Paragenipa lancifolia;0,2000;Paragenipa lancifolia;Lasioglossum mahense;4
Unrestored;Copolia;5;Cop_5;Paragenipa lancifolia;0,2000;Paragenipa lancifolia;Apis mellifera;1
Unrestored;Copolia;5;Cop_5;Paragenipa lancifolia;0,2000;Paragenipa lancifolia;Cryptophleps ? nigrihalteratus ?;1
Unrestored;Copolia;5;Cop_5;Phoenicophorium borsigianum;0,2250;Phoenicophorium borsigianum;Dermestidae sp1;4
Unrestored;Copolia;5;Cop_5;Phoenicophorium borsigianum;0,2250;Phoenicophorium borsigianum;Lasioglossum mahense;10
Unrestored;Copolia;5;Cop_5;Phoenicophorium borsigianum;0,2250;Phoenicophorium borsigianum;Hyrdotaea nigrisquama;1
Unrestored;Copolia;5;Cop_5;Psychotria pervillei;0,1250;Psychotria pervillei;Lasioglossum mahense;6
Unrestored;Copolia;5;Cop_5;Psychotria pervillei;0,1250;Psychotria pervillei;Apis mellifera;4
Unrestored;Copolia;5;Cop_5;Psychotria pervillei;0,1250;Psychotria pervillei;Phelsuma sp;1
Unrestored;Copolia;5;Cop_5;Psychotria pervillei;0,1250;Psychotria pervillei;Cinnyris dussumieri;3
Unrestored;Copolia;5;Cop_5;Soulamea terminalioides;0,0500;Soulamea terminalioides;Chrysomya megacephala;1
Unrestored;Copolia;5;Cop_5;Syzygium wrightii;0,2500;Syzygium wrightii;Apis mellifera;1
Unrestored;Copolia;5;Cop_5;Syzygium wrightii;0,2500;Syzygium wrightii;Phelsuma sp;1
Unrestored;Copolia;5;Cop_5;Syzygium wrightii;0,2500;Syzygium wrightii;Cinnyris dussumieri;7
Unrestored;Copolia;6;Cop_6;Craterispermum microdon;0,1000;Craterispermum microdon;Lasioglossum mahense;8
Unrestored;Copolia;6;Cop_6;Craterispermum microdon;0,1000;Craterispermum microdon;Apis mellifera;18
Unrestored;Copolia;6;Cop_6;Craterispermum microdon;0,1000;Craterispermum microdon;Cinnyris dussumieri;1
Unrestored;Copolia;6;Cop_6;Dillenia ferruginea;0,1625;Dillenia ferruginea;Rhiparida seychellensis;3
Unrestored;Copolia;6;Cop_6;Dillenia ferruginea;0,1625;Dillenia ferruginea;Lasioglossum mahense;9
Unrestored;Copolia;6;Cop_6;Dillenia ferruginea;0,1625;Dillenia ferruginea;Simosyrphus aegyptius;1
Unrestored;Copolia;6;Cop_6;Dillenia ferruginea;0,1625;Dillenia ferruginea;Apis mellifera;11
Unrestored;Copolia;6;Cop_6;Erythroxylum sechellarum;0,6500;Erythroxylum sechellarum;Lasioglossum mahense;4
Unrestored;Copolia;6;Cop_6;Erythroxylum sechellarum;0,6500;Erythroxylum sechellarum;Smitta mahensis;1
Unrestored;Copolia;6;Cop_6;Erythroxylum sechellarum;0,6500;Erythroxylum sechellarum;Apis mellifera;4
Unrestored;Copolia;6;Cop_6;Erythroxylum sechellarum;0,6500;Erythroxylum sechellarum;Atrichopogon yamabukiensis;3
Unrestored;Copolia;6;Cop_6;Paragenipa lancifolia;0,2750;Paragenipa lancifolia;Lasioglossum mahense;16
Unrestored;Copolia;6;Cop_6;Paragenipa lancifolia;0,2750;Paragenipa lancifolia;Apis mellifera;4
Unrestored;Copolia;6;Cop_6;Polyscias crassa;0,1250;Polyscias crassa;Lasioglossum mahense;8
Unrestored;Copolia;6;Cop_6;Polyscias crassa;0,1250;Polyscias crassa;Chrysomya megacephala;1
Unrestored;Copolia;6;Cop_6;Polyscias crassa;0,1250;Polyscias crassa;Apis mellifera;2
Unrestored;Copolia;6;Cop_6;Polyscias crassa;0,1250;Polyscias crassa;Phelsuma sp;2
Unrestored;Copolia;6;Cop_6;Polyscias crassa;0,1250;Polyscias crassa;Cinnyris dussumieri;6
Unrestored;Copolia;6;Cop_6;Polyscias crassa;0,1250;Polyscias crassa;Mabuya seychellensis;1
Unrestored;Copolia;6;Cop_6;Roscheria melanochaetes;0,5375;Roscheria melanochaetes;Dermestidae sp1;6
Unrestored;Copolia;6;Cop_6;Roscheria melanochaetes;0,5375;Roscheria melanochaetes;Rhiparida seychellensis;2
Unrestored;Copolia;6;Cop_6;Roscheria melanochaetes;0,5375;Roscheria melanochaetes;Lasioglossum mahense;1
Unrestored;Copolia;6;Cop_6;Roscheria melanochaetes;0,5375;Roscheria melanochaetes;Forcipomyia (Euprojoannisia) sp1;1
Unrestored;Copolia;6;Cop_6;Roscheria melanochaetes;0,5375;Roscheria melanochaetes;Smitta mahensis;12
Unrestored;Copolia;6;Cop_6;Roscheria melanochaetes;0,5375;Roscheria melanochaetes;Dasyhelea tamsi;1
Unrestored;Copolia;6;Cop_6;Roscheria melanochaetes;0,5375;Roscheria melanochaetes;Mordellistena coleae;1
Unrestored;Copolia;6;Cop_6;Roscheria melanochaetes;0,5375;Roscheria melanochaetes;Sciaridae sp1;1
Unrestored;Copolia;6;Cop_6;Roscheria melanochaetes;0,5375;Roscheria melanochaetes;Cossonini sp2;3
Unrestored;Copolia;6;Cop_6;Roscheria melanochaetes;0,5375;Roscheria melanochaetes;Scaptodrosophila undet sp1;2
Unrestored;Copolia;6;Cop_6;Roscheria melanochaetes;0,5375;Roscheria melanochaetes;Cryptophagidae sp2;1
Unrestored;Copolia;6;Cop_6;Soulamea terminalioides;0,2750;Soulamea terminalioides;Forcipomyia (Euprojoannisia) sp1;5
Unrestored;Copolia;6;Cop_6;Soulamea terminalioides;0,2750;Soulamea terminalioides;Smitta mahensis;1
Unrestored;Copolia;6;Cop_6;Soulamea terminalioides;0,2750;Soulamea terminalioides;Forcipomyia (Thyridomyia) litoraurea;2
Unrestored;Copolia;6;Cop_6;Soulamea terminalioides;0,2750;Soulamea terminalioides;Chrysomya megacephala;1
Unrestored;Copolia;6;Cop_6;Soulamea terminalioides;0,2750;Soulamea terminalioides;Eristalinus sp;3
Unrestored;Copolia;6;Cop_6;Soulamea terminalioides;0,2750;Soulamea terminalioides;Apis mellifera;1
Unrestored;Copolia;6;Cop_6;Syzygium wrightii;0,0250;Syzygium wrightii;Chrysomya megacephala;1
Unrestored;Copolia;6;Cop_6;Syzygium wrightii;0,0250;Syzygium wrightii;Apis mellifera;1
Unrestored;Copolia;6;Cop_6;Syzygium wrightii;0,0250;Syzygium wrightii;Sciaridae sp1;1
Unrestored;Copolia;6;Cop_6;Syzygium wrightii;0,0250;Syzygium wrightii;Phelsuma sp;1
Unrestored;Copolia;6;Cop_6;Syzygium wrightii;0,0250;Syzygium wrightii;Dichaetomyia fasciculifera;2
Unrestored;Copolia;6;Cop_6;Syzygium wrightii;0,0250;Syzygium wrightii;Cinnyris dussumieri;17
Unrestored;Copolia;7;Cop_7;Craterispermum microdon;0,0375;Craterispermum microdon;Lasioglossum mahense;5
Unrestored;Copolia;7;Cop_7;Craterispermum microdon;0,0375;Craterispermum microdon;Simosyrphus aegyptius;2
Unrestored;Copolia;7;Cop_7;Craterispermum microdon;0,0375;Craterispermum microdon;Dasyhelea tamsi;1
Unrestored;Copolia;7;Cop_7;Craterispermum microdon;0,0375;Craterispermum microdon;Apis mellifera;6
Unrestored;Copolia;7;Cop_7;Dillenia ferruginea;0,1875;Dillenia ferruginea;Dermestidae sp1;1
Unrestored;Copolia;7;Cop_7;Dillenia ferruginea;0,1875;Dillenia ferruginea;Lasioglossum mahense;8
Unrestored;Copolia;7;Cop_7;Dillenia ferruginea;0,1875;Dillenia ferruginea;Apis mellifera;24
Unrestored;Copolia;7;Cop_7;Dillenia ferruginea;0,1875;Dillenia ferruginea;Amblypsilopus (?) nr. simplex;3
Unrestored;Copolia;7;Cop_7;Dillenia ferruginea;0,1875;Dillenia ferruginea;Ornidia obesa;1
Unrestored;Copolia;7;Cop_7;Erythroxylum sechellarum;0,2875;Erythroxylum sechellarum;Lasioglossum mahense;1
Unrestored;Copolia;7;Cop_7;Erythroxylum sechellarum;0,2875;Erythroxylum sechellarum;Simosyrphus aegyptius;1
Unrestored;Copolia;7;Cop_7;Erythroxylum sechellarum;0,2875;Erythroxylum sechellarum;Apis mellifera;3
Unrestored;Copolia;7;Cop_7;Excoecaria benthamiana;0,3000;Excoecaria benthamiana;Lygistorrhina sp;1
Unrestored;Copolia;7;Cop_7;Nephrosperma vanhoutteanum;0,1875;Nephrosperma vanhoutteanum;Dermestidae sp1;11
Unrestored;Copolia;7;Cop_7;Nephrosperma vanhoutteanum;0,1875;Nephrosperma vanhoutteanum;Rhiparida seychellensis;3
Unrestored;Copolia;7;Cop_7;Nephrosperma vanhoutteanum;0,1875;Nephrosperma vanhoutteanum;Lasioglossum mahense;40
Unrestored;Copolia;7;Cop_7;Nephrosperma vanhoutteanum;0,1875;Nephrosperma vanhoutteanum;Simosyrphus aegyptius;1
Unrestored;Copolia;7;Cop_7;Nephrosperma vanhoutteanum;0,1875;Nephrosperma vanhoutteanum;Dasyhelea tamsi;1
Unrestored;Copolia;7;Cop_7;Nephrosperma vanhoutteanum;0,1875;Nephrosperma vanhoutteanum;Cratopus aurostriatus;2
Unrestored;Copolia;7;Cop_7;Nephrosperma vanhoutteanum;0,1875;Nephrosperma vanhoutteanum;Apis mellifera;11
Unrestored;Copolia;7;Cop_7;Nephrosperma vanhoutteanum;0,1875;Nephrosperma vanhoutteanum;Sciaridae sp1;4
Unrestored;Copolia;7;Cop_7;Psychotria pervillei;0,0875;Psychotria pervillei;Lasioglossum mahense;9
Unrestored;Copolia;7;Cop_7;Psychotria pervillei;0,0875;Psychotria pervillei;Forcipomyia (Euprojoannisia) sp1;2
Unrestored;Copolia;7;Cop_7;Psychotria pervillei;0,0875;Psychotria pervillei;Apis mellifera;13
Unrestored;Copolia;7;Cop_7;Psychotria pervillei;0,0875;Psychotria pervillei;Delta alluaudi;1
Unrestored;Copolia;7;Cop_7;Roscheria melanochaetes;0,1750;Roscheria melanochaetes;Dermestidae sp1;1
Unrestored;Copolia;7;Cop_7;Roscheria melanochaetes;0,1750;Roscheria melanochaetes;Forcipomyia (Euprojoannisia) sp1;20
Unrestored;Copolia;7;Cop_7;Roscheria melanochaetes;0,1750;Roscheria melanochaetes;Apis mellifera;1
Unrestored;Copolia;7;Cop_7;Roscheria melanochaetes;0,1750;Roscheria melanochaetes;Phelsuma sp;1
Unrestored;Copolia;7;Cop_7;Roscheria melanochaetes;0,1750;Roscheria melanochaetes;Atrichopogon yamabukiensis;1
Unrestored;Copolia;7;Cop_7;Roscheria melanochaetes;0,1750;Roscheria melanochaetes;Polistes olivaceus;1
Unrestored;Copolia;7;Cop_7;Soulamea terminalioides;0,2625;Soulamea terminalioides;Simosyrphus aegyptius;2
Unrestored;Copolia;7;Cop_7;Soulamea terminalioides;0,2625;Soulamea terminalioides;Lygistorrhina sp;1
Unrestored;Copolia;7;Cop_7;Syzygium wrightii;0,0625;Syzygium wrightii;Musca domestica;1
Unrestored;Copolia;7;Cop_7;Syzygium wrightii;0,0625;Syzygium wrightii;Lasioglossum mahense;9
Unrestored;Copolia;7;Cop_7;Syzygium wrightii;0,0625;Syzygium wrightii;Apis mellifera;1
Unrestored;Copolia;7;Cop_7;Syzygium wrightii;0,0625;Syzygium wrightii;Phelsuma sp;1
Unrestored;Copolia;7;Cop_7;Syzygium wrightii;0,0625;Syzygium wrightii;Dichaetomyia fasciculifera;2
Unrestored;Copolia;7;Cop_7;Syzygium wrightii;0,0625;Syzygium wrightii;Cinnyris dussumieri;17
Unrestored;Copolia;7;Cop_7;Syzygium wrightii;0,0625;Syzygium wrightii;Mabuya seychellensis;2
Unrestored;Copolia;8;Cop_8;Cinnamomum verum;0,1625;Cinnamomum verum;Simosyrphus aegyptius;3
Unrestored;Copolia;8;Cop_8;Cinnamomum verum;0,1625;Cinnamomum verum;Apis mellifera;6
Unrestored;Copolia;8;Cop_8;Cinnamomum verum;0,1625;Cinnamomum verum;Hypolimnas misippus;1
Unrestored;Copolia;8;Cop_8;Craterispermum microdon;0,1625;Craterispermum microdon;Lasioglossum mahense;4
Unrestored;Copolia;8;Cop_8;Craterispermum microdon;0,1625;Craterispermum microdon;Apis mellifera;6
Unrestored;Copolia;8;Cop_8;Dillenia ferruginea;0,0125;Dillenia ferruginea;Lasioglossum mahense;2
Unrestored;Copolia;8;Cop_8;Dillenia ferruginea;0,0125;Dillenia ferruginea;Cratopus aurostriatus;1
Unrestored;Copolia;8;Cop_8;Dillenia ferruginea;0,0125;Dillenia ferruginea;Apis mellifera;5
Unrestored;Copolia;8;Cop_8;Dillenia ferruginea;0,0125;Dillenia ferruginea;Ornidia obesa;3
Unrestored;Copolia;8;Cop_8;Erythroxylum sechellarum;0,3875;Erythroxylum sechellarum;Lasioglossum mahense;4
Unrestored;Copolia;8;Cop_8;Erythroxylum sechellarum;0,3875;Erythroxylum sechellarum;Chalicodoma disjuncta;1
Unrestored;Copolia;8;Cop_8;Nephrosperma vanhoutteanum;0,2500;Nephrosperma vanhoutteanum;Rhiparida seychellensis;20
Unrestored;Copolia;8;Cop_8;Nephrosperma vanhoutteanum;0,2500;Nephrosperma vanhoutteanum;Lasioglossum mahense;9
Unrestored;Copolia;8;Cop_8;Nephrosperma vanhoutteanum;0,2500;Nephrosperma vanhoutteanum;Dasyhelea tamsi;3
Unrestored;Copolia;8;Cop_8;Nephrosperma vanhoutteanum;0,2500;Nephrosperma vanhoutteanum;Cratopus aurostriatus;2
Unrestored;Copolia;8;Cop_8;Nephrosperma vanhoutteanum;0,2500;Nephrosperma vanhoutteanum;Apis mellifera;18
Unrestored;Copolia;8;Cop_8;Nephrosperma vanhoutteanum;0,2500;Nephrosperma vanhoutteanum;Atrichopogon yamabukiensis;1
Unrestored;Copolia;8;Cop_8;Northea seychellana;0,1375;Northea seychellana;Rhiparida seychellensis;2
Unrestored;Copolia;8;Cop_8;Northea seychellana;0,1375;Northea seychellana;Cratopus aurostriatus;1
Unrestored;Copolia;8;Cop_8;Northea seychellana;0,1375;Northea seychellana;Chrysomya megacephala;2
Unrestored;Copolia;8;Cop_8;Northea seychellana;0,1375;Northea seychellana;Apis mellifera;5
Unrestored;Copolia;8;Cop_8;Northea seychellana;0,1375;Northea seychellana;Phelsuma sp;1
Unrestored;Copolia;8;Cop_8;Northea seychellana;0,1375;Northea seychellana;Cinnyris dussumieri;2
Unrestored;Copolia;8;Cop_8;Roscheria melanochaetes;0,3125;Roscheria melanochaetes;Lasioglossum mahense;2
Unrestored;Reserve, La;1;Res_1;Pyrostria bibracteata;0,2333;Pyrostria bibracteata;Lasioglossum mahense;10
Unrestored;Reserve, La;1;Res_1;Pyrostria bibracteata;0,2333;Pyrostria bibracteata;Hemipyrellia germana;4
Unrestored;Reserve, La;1;Res_1;Pyrostria bibracteata;0,2333;Pyrostria bibracteata;Simosyrphus aegyptius;1
Unrestored;Reserve, La;1;Res_1;Pyrostria bibracteata;0,2333;Pyrostria bibracteata;Eupetersia scotti;1
Unrestored;Reserve, La;1;Res_1;Chrysobalanus icaco;0,4167;Chrysobalanus icaco;Lasioglossum mahense;11
Unrestored;Reserve, La;1;Res_1;Chrysobalanus icaco;0,4167;Chrysobalanus icaco;Apis mellifera;79
Unrestored;Reserve, La;1;Res_1;Chrysobalanus icaco;0,4167;Chrysobalanus icaco;Sciaridae sp1;1
Unrestored;Reserve, La;1;Res_1;Memecylon elaeagni;0,2667;Memecylon elaeagni;Apis mellifera;1
Unrestored;Reserve, La;1;Res_1;Nephrosperma vanhoutteanum;0,8000;Nephrosperma vanhoutteanum;Dermestidae sp1;15
Unrestored;Reserve, La;1;Res_1;Nephrosperma vanhoutteanum;0,8000;Nephrosperma vanhoutteanum;Rhiparida seychellensis;12
Unrestored;Reserve, La;1;Res_1;Nephrosperma vanhoutteanum;0,8000;Nephrosperma vanhoutteanum;Lobosciara bilotata;3
Unrestored;Reserve, La;1;Res_1;Nephrosperma vanhoutteanum;0,8000;Nephrosperma vanhoutteanum;Lasioglossum mahense;24
Unrestored;Reserve, La;1;Res_1;Nephrosperma vanhoutteanum;0,8000;Nephrosperma vanhoutteanum;Hemipyrellia germana;6
Unrestored;Reserve, La;1;Res_1;Nephrosperma vanhoutteanum;0,8000;Nephrosperma vanhoutteanum;Megachile seychellensis;1
Unrestored;Reserve, La;1;Res_1;Nephrosperma vanhoutteanum;0,8000;Nephrosperma vanhoutteanum;Forcipomyia (Euprojoannisia) sp1;1
Unrestored;Reserve, La;1;Res_1;Nephrosperma vanhoutteanum;0,8000;Nephrosperma vanhoutteanum;Lygistorrhina sp;6
Unrestored;Reserve, La;1;Res_1;Nephrosperma vanhoutteanum;0,8000;Nephrosperma vanhoutteanum;Dasyhelea tamsi;2
Unrestored;Reserve, La;1;Res_1;Nephrosperma vanhoutteanum;0,8000;Nephrosperma vanhoutteanum;Apis mellifera;5
Unrestored;Reserve, La;1;Res_1;Nephrosperma vanhoutteanum;0,8000;Nephrosperma vanhoutteanum;Sciaridae sp1;4
Unrestored;Reserve, La;1;Res_1;Nephrosperma vanhoutteanum;0,8000;Nephrosperma vanhoutteanum;Phelsuma sp;6
Unrestored;Reserve, La;1;Res_1;Ochna kirkii;0,0833;Ochna kirkii;Simosyrphus aegyptius;1
Unrestored;Reserve, La;1;Res_1;Phoenicophorium borsigianum;0,7000;Phoenicophorium borsigianum;Musca domestica;15
Unrestored;Reserve, La;1;Res_1;Phoenicophorium borsigianum;0,7000;Phoenicophorium borsigianum;Dermestidae sp1;2
Unrestored;Reserve, La;1;Res_1;Phoenicophorium borsigianum;0,7000;Phoenicophorium borsigianum;Rhiparida seychellensis;14
Unrestored;Reserve, La;1;Res_1;Phoenicophorium borsigianum;0,7000;Phoenicophorium borsigianum;Lasioglossum mahense;14
Unrestored;Reserve, La;1;Res_1;Phoenicophorium borsigianum;0,7000;Phoenicophorium borsigianum;Hemipyrellia germana;1
Unrestored;Reserve, La;1;Res_1;Phoenicophorium borsigianum;0,7000;Phoenicophorium borsigianum;Nitidulidae sp1;11
Unrestored;Reserve, La;1;Res_1;Phoenicophorium borsigianum;0,7000;Phoenicophorium borsigianum;Eupetersia scotti;2
Unrestored;Reserve, La;1;Res_1;Phoenicophorium borsigianum;0,7000;Phoenicophorium borsigianum;Apis mellifera;6
Unrestored;Reserve, La;1;Res_1;Phoenicophorium borsigianum;0,7000;Phoenicophorium borsigianum;Cryptophagidae sp2;21
Unrestored;Reserve, La;1;Res_1;Roscheria melanochaetes;0,4333;Roscheria melanochaetes;Forcipomyia (Euprojoannisia) sp1;5
Unrestored;Reserve, La;1;Res_1;Roscheria melanochaetes;0,4333;Roscheria melanochaetes;Dasyhelea tamsi;4
Unrestored;Reserve, La;1;Res_1;Roscheria melanochaetes;0,4333;Roscheria melanochaetes;Forcipomyia (Thyridomyia) litoraurea;3
Unrestored;Reserve, La;1;Res_1;Roscheria melanochaetes;0,4333;Roscheria melanochaetes;Hymenoptera sp3;3
Unrestored;Reserve, La;1;Res_1;Syzygium jambos;0,1333;Syzygium jambos;Rhiparida seychellensis;3
Unrestored;Reserve, La;1;Res_1;Syzygium jambos;0,1333;Syzygium jambos;Forcipomyia (Euprojoannisia) sp1;2
Unrestored;Reserve, La;1;Res_1;Syzygium jambos;0,1333;Syzygium jambos;Nitidulidae sp1;1
Unrestored;Reserve, La;1;Res_1;Syzygium jambos;0,1333;Syzygium jambos;Apis mellifera;34
Unrestored;Reserve, La;1;Res_1;Syzygium jambos;0,1333;Syzygium jambos;Atrichopogon yamabukiensis;1
Unrestored;Reserve, La;1;Res_1;Syzygium jambos;0,1333;Syzygium jambos;Cinnyris dussumieri;13
Unrestored;Reserve, La;2;Res_2;Pyrostria bibracteata;0,9500;Pyrostria bibracteata;Lasioglossum mahense;17
Unrestored;Reserve, La;2;Res_2;Pyrostria bibracteata;0,9500;Pyrostria bibracteata;Hemipyrellia germana;3
Unrestored;Reserve, La;2;Res_2;Pyrostria bibracteata;0,9500;Pyrostria bibracteata;Cratopus aurostriatus;1
Unrestored;Reserve, La;2;Res_2;Pyrostria bibracteata;0,9500;Pyrostria bibracteata;Apis mellifera;4
Unrestored;Reserve, La;2;Res_2;Pyrostria bibracteata;0,9500;Pyrostria bibracteata;Delta alluaudi;1
Unrestored;Reserve, La;2;Res_2;Pyrostria bibracteata;0,9500;Pyrostria bibracteata;Chalybion madecassum;1
Unrestored;Reserve, La;2;Res_2;Chrysobalanus icaco;0,9167;Chrysobalanus icaco;Lasioglossum mahense;4
Unrestored;Reserve, La;2;Res_2;Chrysobalanus icaco;0,9167;Chrysobalanus icaco;Apis mellifera;25
Unrestored;Reserve, La;2;Res_2;Chrysobalanus icaco;0,9167;Chrysobalanus icaco;Ornidia obesa;1
Unrestored;Reserve, La;2;Res_2;Chrysobalanus icaco;0,9167;Chrysobalanus icaco;Cinnyris dussumieri;2
Unrestored;Reserve, La;2;Res_2;Chrysobalanus icaco;0,9167;Chrysobalanus icaco;Polistes olivaceus;1
Unrestored;Reserve, La;2;Res_2;Erythroxylum sechellarum;0,1333;Erythroxylum sechellarum;Lasioglossum mahense;18
Unrestored;Reserve, La;2;Res_2;Erythroxylum sechellarum;0,1333;Erythroxylum sechellarum;Apis mellifera;8
Unrestored;Reserve, La;2;Res_2;Memecylon elaeagni;0,8833;Memecylon elaeagni;Simosyrphus aegyptius;2
Unrestored;Reserve, La;2;Res_2;Memecylon elaeagni;0,8833;Memecylon elaeagni;Chalicodoma disjuncta;2
Unrestored;Reserve, La;2;Res_2;Memecylon elaeagni;0,8833;Memecylon elaeagni;Xylocopa caffra;1
Unrestored;Reserve, La;2;Res_2;Memecylon elaeagni;0,8833;Memecylon elaeagni;Apis mellifera;5
Unrestored;Reserve, La;2;Res_2;Memecylon elaeagni;0,8833;Memecylon elaeagni;Bradysia ocellaris;1
Unrestored;Reserve, La;2;Res_2;Nephrosperma vanhoutteanum;0,7000;Nephrosperma vanhoutteanum;Dermestidae sp1;13
Unrestored;Reserve, La;2;Res_2;Nephrosperma vanhoutteanum;0,7000;Nephrosperma vanhoutteanum;Rhiparida seychellensis;4
Unrestored;Reserve, La;2;Res_2;Nephrosperma vanhoutteanum;0,7000;Nephrosperma vanhoutteanum;Lasioglossum mahense;15
Unrestored;Reserve, La;2;Res_2;Nephrosperma vanhoutteanum;0,7000;Nephrosperma vanhoutteanum;Hemipyrellia germana;1
Unrestored;Reserve, La;2;Res_2;Nephrosperma vanhoutteanum;0,7000;Nephrosperma vanhoutteanum;Forcipomyia (Euprojoannisia) sp1;2
Unrestored;Reserve, La;2;Res_2;Nephrosperma vanhoutteanum;0,7000;Nephrosperma vanhoutteanum;Lygistorrhina sp;7
Unrestored;Reserve, La;2;Res_2;Nephrosperma vanhoutteanum;0,7000;Nephrosperma vanhoutteanum;Apis mellifera;20
Unrestored;Reserve, La;2;Res_2;Nephrosperma vanhoutteanum;0,7000;Nephrosperma vanhoutteanum;Phelsuma sp;2
Unrestored;Reserve, La;2;Res_2;Nephrosperma vanhoutteanum;0,7000;Nephrosperma vanhoutteanum;Atrichopogon yamabukiensis;1
Unrestored;Reserve, La;2;Res_2;Nephrosperma vanhoutteanum;0,7000;Nephrosperma vanhoutteanum;Scaptodrosophila undet sp1;1
Unrestored;Reserve, La;2;Res_2;Paragenipa lancifolia;0,9833;Paragenipa lancifolia;Lasioglossum mahense;20
Unrestored;Reserve, La;2;Res_2;Paragenipa lancifolia;0,9833;Paragenipa lancifolia;Apis mellifera;18
Unrestored;Reserve, La;2;Res_2;Paragenipa lancifolia;0,9833;Paragenipa lancifolia;Sciaridae sp1;3
Unrestored;Reserve, La;2;Res_2;Paragenipa lancifolia;0,9833;Paragenipa lancifolia;Phelsuma sp;1
Unrestored;Reserve, La;2;Res_2;Paragenipa lancifolia;0,9833;Paragenipa lancifolia;Atrichopogon yamabukiensis;2
Unrestored;Reserve, La;2;Res_2;Paragenipa lancifolia;0,9833;Paragenipa lancifolia;Cinnyris dussumieri;1
Unrestored;Reserve, La;2;Res_2;Phoenicophorium borsigianum;0,5833;Phoenicophorium borsigianum;Rhiparida seychellensis;1
Unrestored;Reserve, La;2;Res_2;Phoenicophorium borsigianum;0,5833;Phoenicophorium borsigianum;Lasioglossum mahense;20
Unrestored;Reserve, La;2;Res_2;Phoenicophorium borsigianum;0,5833;Phoenicophorium borsigianum;Hemipyrellia germana;7
Unrestored;Reserve, La;2;Res_2;Phoenicophorium borsigianum;0,5833;Phoenicophorium borsigianum;Dasyhelea tamsi;1
Unrestored;Reserve, La;2;Res_2;Phoenicophorium borsigianum;0,5833;Phoenicophorium borsigianum;Cossonini sp1;4
Unrestored;Reserve, La;2;Res_2;Phoenicophorium borsigianum;0,5833;Phoenicophorium borsigianum;Apis mellifera;2
Unrestored;Reserve, La;2;Res_2;Phoenicophorium borsigianum;0,5833;Phoenicophorium borsigianum;Sciaridae sp1;2
Unrestored;Reserve, La;2;Res_2;Phoenicophorium borsigianum;0,5833;Phoenicophorium borsigianum;Atrichopogon yamabukiensis;2
Unrestored;Reserve, La;2;Res_2;Phoenicophorium borsigianum;0,5833;Phoenicophorium borsigianum;Hapalips sp1;5
Unrestored;Reserve, La;2;Res_2;Phoenicophorium borsigianum;0,5833;Phoenicophorium borsigianum;Cossonini sp2;3
Unrestored;Reserve, La;2;Res_2;Phoenicophorium borsigianum;0,5833;Phoenicophorium borsigianum;Cryptophagidae sp1;1
Unrestored;Reserve, La;2;Res_2;Phoenicophorium borsigianum;0,5833;Phoenicophorium borsigianum;Neophyllomyza approximatonervis;3
Unrestored;Reserve, La;2;Res_2;Phoenicophorium borsigianum;0,5833;Phoenicophorium borsigianum;Forcipomyia (Microhelea) amieuensis;2
Unrestored;Reserve, La;2;Res_2;Syzygium jambos;0,1000;Syzygium jambos;Lasioglossum mahense;5
Unrestored;Reserve, La;2;Res_2;Syzygium jambos;0,1000;Syzygium jambos;Apis mellifera;46
Unrestored;Reserve, La;2;Res_2;Syzygium jambos;0,1000;Syzygium jambos;Cinnyris dussumieri;4
Unrestored;Reserve, La;3;Res_3;Cinnamomum verum;2,4833;Cinnamomum verum;Lasioglossum mahense;3
Unrestored;Reserve, La;3;Res_3;Cinnamomum verum;2,4833;Cinnamomum verum;Simosyrphus aegyptius;1
Unrestored;Reserve, La;3;Res_3;Cinnamomum verum;2,4833;Cinnamomum verum;Dasyhelea tamsi;1
Unrestored;Reserve, La;3;Res_3;Cinnamomum verum;2,4833;Cinnamomum verum;Apis mellifera;6
Unrestored;Reserve, La;3;Res_3;Memecylon elaeagni;0,6000;Memecylon elaeagni;Lasioglossum mahense;6
Unrestored;Reserve, La;3;Res_3;Memecylon elaeagni;0,6000;Memecylon elaeagni;Simosyrphus aegyptius;2
Unrestored;Reserve, La;3;Res_3;Memecylon elaeagni;0,6000;Memecylon elaeagni;Apis mellifera;10
Unrestored;Reserve, La;3;Res_3;Nephrosperma vanhoutteanum;1,1333;Nephrosperma vanhoutteanum;Dermestidae sp1;34
Unrestored;Reserve, La;3;Res_3;Nephrosperma vanhoutteanum;1,1333;Nephrosperma vanhoutteanum;Rhiparida seychellensis;3
Unrestored;Reserve, La;3;Res_3;Nephrosperma vanhoutteanum;1,1333;Nephrosperma vanhoutteanum;Lasioglossum mahense;52
Unrestored;Reserve, La;3;Res_3;Nephrosperma vanhoutteanum;1,1333;Nephrosperma vanhoutteanum;Megachile seychellensis;4
Unrestored;Reserve, La;3;Res_3;Nephrosperma vanhoutteanum;1,1333;Nephrosperma vanhoutteanum;Lygistorrhina sp;44
Unrestored;Reserve, La;3;Res_3;Nephrosperma vanhoutteanum;1,1333;Nephrosperma vanhoutteanum;Dasyhelea tamsi;4
Unrestored;Reserve, La;3;Res_3;Nephrosperma vanhoutteanum;1,1333;Nephrosperma vanhoutteanum;Apis mellifera;24
Unrestored;Reserve, La;3;Res_3;Nephrosperma vanhoutteanum;1,1333;Nephrosperma vanhoutteanum;Atrichopogon yamabukiensis;7
Unrestored;Reserve, La;3;Res_3;Nephrosperma vanhoutteanum;1,1333;Nephrosperma vanhoutteanum;Neophyllomyza approximatonervis;8
Unrestored;Reserve, La;3;Res_3;Nephrosperma vanhoutteanum;1,1333;Nephrosperma vanhoutteanum;Forcipomyia (Microhelea) amieuensis;1
Unrestored;Reserve, La;3;Res_3;Paragenipa lancifolia;0,0167;Paragenipa lancifolia;Lobosciara bilotata;1
Unrestored;Reserve, La;3;Res_3;Paragenipa lancifolia;0,0167;Paragenipa lancifolia;Lasioglossum mahense;11
Unrestored;Reserve, La;3;Res_3;Paragenipa lancifolia;0,0167;Paragenipa lancifolia;Apis mellifera;2
Unrestored;Reserve, La;3;Res_3;Paragenipa lancifolia;0,0167;Paragenipa lancifolia;Liosarcophaga spilargyra;1
Unrestored;Reserve, La;3;Res_3;Paragenipa lancifolia;0,0167;Paragenipa lancifolia;Scaptodrosophila undet sp1;1
Unrestored;Reserve, La;3;Res_3;Phoenicophorium borsigianum;0,3000;Phoenicophorium borsigianum;Dermestidae sp1;17
Unrestored;Reserve, La;3;Res_3;Phoenicophorium borsigianum;0,3000;Phoenicophorium borsigianum;Rhiparida seychellensis;8
Unrestored;Reserve, La;3;Res_3;Phoenicophorium borsigianum;0,3000;Phoenicophorium borsigianum;Lobosciara bilotata;2
Unrestored;Reserve, La;3;Res_3;Phoenicophorium borsigianum;0,3000;Phoenicophorium borsigianum;Lasioglossum mahense;22
Unrestored;Reserve, La;3;Res_3;Phoenicophorium borsigianum;0,3000;Phoenicophorium borsigianum;Nitidulidae sp1;4
Unrestored;Reserve, La;3;Res_3;Phoenicophorium borsigianum;0,3000;Phoenicophorium borsigianum;near Eurycratus sp1;1
Unrestored;Reserve, La;3;Res_3;Phoenicophorium borsigianum;0,3000;Phoenicophorium borsigianum;Cossonini sp1;3
Unrestored;Reserve, La;3;Res_3;Phoenicophorium borsigianum;0,3000;Phoenicophorium borsigianum;Apis mellifera;4
Unrestored;Reserve, La;3;Res_3;Phoenicophorium borsigianum;0,3000;Phoenicophorium borsigianum;Sciaridae sp1;2
Unrestored;Reserve, La;3;Res_3;Phoenicophorium borsigianum;0,3000;Phoenicophorium borsigianum;Hapalips sp1;3
Unrestored;Reserve, La;3;Res_3;Phoenicophorium borsigianum;0,3000;Phoenicophorium borsigianum;Cossonini sp2;2
Unrestored;Reserve, La;3;Res_3;Timonius flavescens;0,4167;Timonius flavescens;Apis mellifera;1
Unrestored;Reserve, La;4;Res_4;Cinnamomum verum;0,2167;Cinnamomum verum;Parasarcophaga hirticeps;1
Unrestored;Reserve, La;4;Res_4;Cinnamomum verum;0,2167;Cinnamomum verum;Apis mellifera;5
Unrestored;Reserve, La;4;Res_4;Cinnamomum verum;0,2167;Cinnamomum verum;Ornidia obesa;2
Unrestored;Reserve, La;4;Res_4;Cinnamomum verum;0,2167;Cinnamomum verum;Forcipomyia (Microhelea) amieuensis;2
Unrestored;Reserve, La;4;Res_4;Dracaena reflexa var. angustifolia;0,2167;Dracaena reflexa var. angustifolia;Lasioglossum mahense;9
Unrestored;Reserve, La;4;Res_4;Dracaena reflexa var. angustifolia;0,2167;Dracaena reflexa var. angustifolia;Drosophila spinipes;32
Unrestored;Reserve, La;4;Res_4;Dracaena reflexa var. angustifolia;0,2167;Dracaena reflexa var. angustifolia;Phelsuma sp;2
Unrestored;Reserve, La;4;Res_4;Dracaena reflexa var. angustifolia;0,2167;Dracaena reflexa var. angustifolia;Hymenoptera sp4;5
Unrestored;Reserve, La;4;Res_4;Dracaena reflexa var. angustifolia;0,2167;Dracaena reflexa var. angustifolia;Cinnyris dussumieri;2
Unrestored;Reserve, La;4;Res_4;Erythroxylum sechellarum;0,1167;Erythroxylum sechellarum;Lobosciara bilotata;2
Unrestored;Reserve, La;4;Res_4;Erythroxylum sechellarum;0,1167;Erythroxylum sechellarum;Lasioglossum mahense;27
Unrestored;Reserve, La;4;Res_4;Erythroxylum sechellarum;0,1167;Erythroxylum sechellarum;Apis mellifera;6
Unrestored;Reserve, La;4;Res_4;Erythroxylum sechellarum;0,1167;Erythroxylum sechellarum;Forcipomyia (Microhelea) amieuensis;1
Unrestored;Reserve, La;4;Res_4;Memecylon elaeagni;1,4833;Memecylon elaeagni;Lasioglossum mahense;3
Unrestored;Reserve, La;4;Res_4;Memecylon elaeagni;1,4833;Memecylon elaeagni;Chalicodoma disjuncta;1
Unrestored;Reserve, La;4;Res_4;Memecylon elaeagni;1,4833;Memecylon elaeagni;Apis mellifera;4
Unrestored;Reserve, La;4;Res_4;Nephrosperma vanhoutteanum;0,6333;Nephrosperma vanhoutteanum;Lobosciara bilotata;4
Unrestored;Reserve, La;4;Res_4;Nephrosperma vanhoutteanum;0,6333;Nephrosperma vanhoutteanum;Lasioglossum mahense;10
Unrestored;Reserve, La;4;Res_4;Nephrosperma vanhoutteanum;0,6333;Nephrosperma vanhoutteanum;Megachile seychellensis;1
Unrestored;Reserve, La;4;Res_4;Nephrosperma vanhoutteanum;0,6333;Nephrosperma vanhoutteanum;Forcipomyia (Euprojoannisia) sp1;3
Unrestored;Reserve, La;4;Res_4;Nephrosperma vanhoutteanum;0,6333;Nephrosperma vanhoutteanum;Lygistorrhina sp;4
Unrestored;Reserve, La;4;Res_4;Nephrosperma vanhoutteanum;0,6333;Nephrosperma vanhoutteanum;Apis mellifera;3
Unrestored;Reserve, La;4;Res_4;Nephrosperma vanhoutteanum;0,6333;Nephrosperma vanhoutteanum;Phelsuma sp;1
Unrestored;Reserve, La;4;Res_4;Nephrosperma vanhoutteanum;0,6333;Nephrosperma vanhoutteanum;Neophyllomyza approximatonervis;3
Unrestored;Reserve, La;4;Res_4;Phoenicophorium borsigianum;0,5000;Phoenicophorium borsigianum;Dermestidae sp1;19
Unrestored;Reserve, La;4;Res_4;Phoenicophorium borsigianum;0,5000;Phoenicophorium borsigianum;Rhiparida seychellensis;3
Unrestored;Reserve, La;4;Res_4;Phoenicophorium borsigianum;0,5000;Phoenicophorium borsigianum;Parasarcophaga hirticeps;1
Unrestored;Reserve, La;4;Res_4;Phoenicophorium borsigianum;0,5000;Phoenicophorium borsigianum;Lobosciara bilotata;1
Unrestored;Reserve, La;4;Res_4;Phoenicophorium borsigianum;0,5000;Phoenicophorium borsigianum;Lasioglossum mahense;26
Unrestored;Reserve, La;4;Res_4;Phoenicophorium borsigianum;0,5000;Phoenicophorium borsigianum;Nitidulidae sp1;21
Unrestored;Reserve, La;4;Res_4;Phoenicophorium borsigianum;0,5000;Phoenicophorium borsigianum;Chrysomya megacephala;1
Unrestored;Reserve, La;4;Res_4;Phoenicophorium borsigianum;0,5000;Phoenicophorium borsigianum;Apis mellifera;5
Unrestored;Reserve, La;4;Res_4;Phoenicophorium borsigianum;0,5000;Phoenicophorium borsigianum;Ornidia obesa;2
Unrestored;Reserve, La;4;Res_4;Premna serratifolia;0,0667;Premna serratifolia;Lobosciara bilotata;3
Unrestored;Reserve, La;4;Res_4;Premna serratifolia;0,0667;Premna serratifolia;Lasioglossum mahense;1
Unrestored;Reserve, La;4;Res_4;Premna serratifolia;0,0667;Premna serratifolia;Hemipyrellia germana;1
Unrestored;Reserve, La;4;Res_4;Premna serratifolia;0,0667;Premna serratifolia;Megachile laticeps;3
Unrestored;Reserve, La;4;Res_4;Premna serratifolia;0,0667;Premna serratifolia;Scaptodrosophila undet sp1;1
Unrestored;Reserve, La;4;Res_4;Premna serratifolia;0,0667;Premna serratifolia;Ornidia obesa;4
Unrestored;Reserve, La;4;Res_4;Timonius flavescens;0,0667;Timonius flavescens;Apis mellifera;1
Unrestored;Reserve, La;4;Res_4;Timonius flavescens;0,0667;Timonius flavescens;Agrius convolvuli;2
Unrestored;Reserve, La;5;Res_5;Memecylon elaeagni;2,7167;Memecylon elaeagni;Lasioglossum mahense;5
Unrestored;Reserve, La;5;Res_5;Memecylon elaeagni;2,7167;Memecylon elaeagni;Apis mellifera;25
Unrestored;Reserve, La;5;Res_5;Nephrosperma vanhoutteanum;0,5500;Nephrosperma vanhoutteanum;Dermestidae sp1;21
Unrestored;Reserve, La;5;Res_5;Nephrosperma vanhoutteanum;0,5500;Nephrosperma vanhoutteanum;Rhiparida seychellensis;2
Unrestored;Reserve, La;5;Res_5;Nephrosperma vanhoutteanum;0,5500;Nephrosperma vanhoutteanum;Lobosciara bilotata;1
Unrestored;Reserve, La;5;Res_5;Nephrosperma vanhoutteanum;0,5500;Nephrosperma vanhoutteanum;Lasioglossum mahense;16
Unrestored;Reserve, La;5;Res_5;Nephrosperma vanhoutteanum;0,5500;Nephrosperma vanhoutteanum;Megachile seychellensis;4
Unrestored;Reserve, La;5;Res_5;Nephrosperma vanhoutteanum;0,5500;Nephrosperma vanhoutteanum;Forcipomyia (Euprojoannisia) sp1;2
Unrestored;Reserve, La;5;Res_5;Nephrosperma vanhoutteanum;0,5500;Nephrosperma vanhoutteanum;Lygistorrhina sp;3
Unrestored;Reserve, La;5;Res_5;Nephrosperma vanhoutteanum;0,5500;Nephrosperma vanhoutteanum;Dasyhelea tamsi;5
Unrestored;Reserve, La;5;Res_5;Nephrosperma vanhoutteanum;0,5500;Nephrosperma vanhoutteanum;Apis mellifera;11
Unrestored;Reserve, La;5;Res_5;Nephrosperma vanhoutteanum;0,5500;Nephrosperma vanhoutteanum;Phelsuma sp;4
Unrestored;Reserve, La;5;Res_5;Nephrosperma vanhoutteanum;0,5500;Nephrosperma vanhoutteanum;Atrichopogon yamabukiensis;6
Unrestored;Reserve, La;5;Res_5;Nephrosperma vanhoutteanum;0,5500;Nephrosperma vanhoutteanum;Forcipomyia (Microhelea) amieuensis;2
Unrestored;Reserve, La;5;Res_5;Paragenipa lancifolia;0,1167;Paragenipa lancifolia;Lasioglossum mahense;11
Unrestored;Reserve, La;5;Res_5;Phoenicophorium borsigianum;1,6167;Phoenicophorium borsigianum;Rhiparida seychellensis;20
Unrestored;Reserve, La;5;Res_5;Phoenicophorium borsigianum;1,6167;Phoenicophorium borsigianum;Lasioglossum mahense;12
Unrestored;Reserve, La;5;Res_5;Phoenicophorium borsigianum;1,6167;Phoenicophorium borsigianum;Nitidulidae sp1;1
Unrestored;Reserve, La;5;Res_5;Phoenicophorium borsigianum;1,6167;Phoenicophorium borsigianum;Apis mellifera;11
Unrestored;Reserve, La;5;Res_5;Phoenicophorium borsigianum;1,6167;Phoenicophorium borsigianum;Sciaridae sp1;1
Unrestored;Reserve, La;6;Res_6;Alstonia macrophylla;1,1167;Alstonia macrophylla;Apis mellifera;3
Unrestored;Reserve, La;6;Res_6;Pyrostria bibracteata;0,7833;Pyrostria bibracteata;Musca domestica;2
Unrestored;Reserve, La;6;Res_6;Pyrostria bibracteata;0,7833;Pyrostria bibracteata;Lasioglossum mahense;9
Unrestored;Reserve, La;6;Res_6;Pyrostria bibracteata;0,7833;Pyrostria bibracteata;Simosyrphus aegyptius;1
Unrestored;Reserve, La;6;Res_6;Pyrostria bibracteata;0,7833;Pyrostria bibracteata;Megachile seychellensis;1
Unrestored;Reserve, La;6;Res_6;Pyrostria bibracteata;0,7833;Pyrostria bibracteata;Chrysomya megacephala;1
Unrestored;Reserve, La;6;Res_6;Pyrostria bibracteata;0,7833;Pyrostria bibracteata;Apis mellifera;19
Unrestored;Reserve, La;6;Res_6;Pyrostria bibracteata;0,7833;Pyrostria bibracteata;Ornidia obesa;1
Unrestored;Reserve, La;6;Res_6;Nephrosperma vanhoutteanum;0,4167;Nephrosperma vanhoutteanum;Dermestidae sp1;39
Unrestored;Reserve, La;6;Res_6;Nephrosperma vanhoutteanum;0,4167;Nephrosperma vanhoutteanum;Rhiparida seychellensis;12
Unrestored;Reserve, La;6;Res_6;Nephrosperma vanhoutteanum;0,4167;Nephrosperma vanhoutteanum;Lasioglossum mahense;25
Unrestored;Reserve, La;6;Res_6;Nephrosperma vanhoutteanum;0,4167;Nephrosperma vanhoutteanum;Megachile seychellensis;4
Unrestored;Reserve, La;6;Res_6;Nephrosperma vanhoutteanum;0,4167;Nephrosperma vanhoutteanum;Lygistorrhina sp;4
Unrestored;Reserve, La;6;Res_6;Nephrosperma vanhoutteanum;0,4167;Nephrosperma vanhoutteanum;Dasyhelea tamsi;1
Unrestored;Reserve, La;6;Res_6;Nephrosperma vanhoutteanum;0,4167;Nephrosperma vanhoutteanum;Apis mellifera;13
Unrestored;Reserve, La;6;Res_6;Nephrosperma vanhoutteanum;0,4167;Nephrosperma vanhoutteanum;Sciaridae sp1;2
Unrestored;Reserve, La;6;Res_6;Nephrosperma vanhoutteanum;0,4167;Nephrosperma vanhoutteanum;Hapalips sp1;6
Unrestored;Reserve, La;6;Res_6;Nephrosperma vanhoutteanum;0,4167;Nephrosperma vanhoutteanum;Polistes olivaceus;1
Unrestored;Reserve, La;6;Res_6;Paragenipa lancifolia;0,0333;Paragenipa lancifolia;Lasioglossum mahense;17
Unrestored;Reserve, La;6;Res_6;Paragenipa lancifolia;0,0333;Paragenipa lancifolia;Apis mellifera;2
Unrestored;Reserve, La;6;Res_6;Paragenipa lancifolia;0,0333;Paragenipa lancifolia;Cinnyris dussumieri;1
Unrestored;Reserve, La;6;Res_6;Phoenicophorium borsigianum;2,2833;Phoenicophorium borsigianum;Dermestidae sp1;39
Unrestored;Reserve, La;6;Res_6;Phoenicophorium borsigianum;2,2833;Phoenicophorium borsigianum;Rhiparida seychellensis;4
Unrestored;Reserve, La;6;Res_6;Phoenicophorium borsigianum;2,2833;Phoenicophorium borsigianum;Lasioglossum mahense;24
Unrestored;Reserve, La;6;Res_6;Phoenicophorium borsigianum;2,2833;Phoenicophorium borsigianum;Forcipomyia (Euprojoannisia) sp1;2
Unrestored;Reserve, La;6;Res_6;Phoenicophorium borsigianum;2,2833;Phoenicophorium borsigianum;Dasyhelea tamsi;4
Unrestored;Reserve, La;6;Res_6;Phoenicophorium borsigianum;2,2833;Phoenicophorium borsigianum;Nitidulidae sp1;1
Unrestored;Reserve, La;6;Res_6;Phoenicophorium borsigianum;2,2833;Phoenicophorium borsigianum;Chrysomya megacephala;1
Unrestored;Reserve, La;6;Res_6;Phoenicophorium borsigianum;2,2833;Phoenicophorium borsigianum;Cossonini sp1;8
Unrestored;Reserve, La;6;Res_6;Phoenicophorium borsigianum;2,2833;Phoenicophorium borsigianum;Apis mellifera;15
Unrestored;Reserve, La;6;Res_6;Phoenicophorium borsigianum;2,2833;Phoenicophorium borsigianum;Scaptodrosophila undet sp1;9
Unrestored;Reserve, La;6;Res_6;Phoenicophorium borsigianum;2,2833;Phoenicophorium borsigianum;Cryptophagidae sp2;11
Unrestored;Reserve, La;6;Res_6;Phoenicophorium borsigianum;2,2833;Phoenicophorium borsigianum;Ornidia obesa;1
Unrestored;Reserve, La;7;Res_7;Deckenia nobilis;1,3167;Deckenia nobilis;Musca domestica;1
Unrestored;Reserve, La;7;Res_7;Deckenia nobilis;1,3167;Deckenia nobilis;Lasioglossum mahense;13
Unrestored;Reserve, La;7;Res_7;Deckenia nobilis;1,3167;Deckenia nobilis;Chrysomya megacephala;2
Unrestored;Reserve, La;7;Res_7;Deckenia nobilis;1,3167;Deckenia nobilis;Apis mellifera;57
Unrestored;Reserve, La;7;Res_7;Deckenia nobilis;1,3167;Deckenia nobilis;Amblypsilopus (?) nr. simplex;1
Unrestored;Reserve, La;7;Res_7;Deckenia nobilis;1,3167;Deckenia nobilis;Phelsuma sp;1
Unrestored;Reserve, La;7;Res_7;Deckenia nobilis;1,3167;Deckenia nobilis;Hapalips sp1;1
Unrestored;Reserve, La;7;Res_7;Deckenia nobilis;1,3167;Deckenia nobilis;Ornidia obesa;1
Unrestored;Reserve, La;7;Res_7;Deckenia nobilis;1,3167;Deckenia nobilis;Polistes olivaceus;1
Unrestored;Reserve, La;7;Res_7;Erythroxylum sechellarum;0,1167;Erythroxylum sechellarum;Rhiparida seychellensis;1
Unrestored;Reserve, La;7;Res_7;Erythroxylum sechellarum;0,1167;Erythroxylum sechellarum;Lasioglossum mahense;23
Unrestored;Reserve, La;7;Res_7;Erythroxylum sechellarum;0,1167;Erythroxylum sechellarum;Apis mellifera;13
Unrestored;Reserve, La;7;Res_7;Erythroxylum sechellarum;0,1167;Erythroxylum sechellarum;Delta alluaudi;4
Unrestored;Reserve, La;7;Res_7;Memecylon elaeagni;0,4167;Memecylon elaeagni;Rhiparida seychellensis;2
Unrestored;Reserve, La;7;Res_7;Memecylon elaeagni;0,4167;Memecylon elaeagni;Lasioglossum mahense;1
Unrestored;Reserve, La;7;Res_7;Memecylon elaeagni;0,4167;Memecylon elaeagni;Simosyrphus aegyptius;5
Unrestored;Reserve, La;7;Res_7;Memecylon elaeagni;0,4167;Memecylon elaeagni;Chalicodoma disjuncta;5
Unrestored;Reserve, La;7;Res_7;Memecylon elaeagni;0,4167;Memecylon elaeagni;Apis mellifera;2
Unrestored;Reserve, La;7;Res_7;Memecylon elaeagni;0,4167;Memecylon elaeagni;Delta alluaudi;1
Unrestored;Reserve, La;7;Res_7;Nephrosperma vanhoutteanum;0,5000;Nephrosperma vanhoutteanum;Musca domestica;1
Unrestored;Reserve, La;7;Res_7;Nephrosperma vanhoutteanum;0,5000;Nephrosperma vanhoutteanum;Dermestidae sp1;36
Unrestored;Reserve, La;7;Res_7;Nephrosperma vanhoutteanum;0,5000;Nephrosperma vanhoutteanum;Rhiparida seychellensis;17
Unrestored;Reserve, La;7;Res_7;Nephrosperma vanhoutteanum;0,5000;Nephrosperma vanhoutteanum;Lasioglossum mahense;34
Unrestored;Reserve, La;7;Res_7;Nephrosperma vanhoutteanum;0,5000;Nephrosperma vanhoutteanum;Simosyrphus aegyptius;2
Unrestored;Reserve, La;7;Res_7;Nephrosperma vanhoutteanum;0,5000;Nephrosperma vanhoutteanum;Megachile seychellensis;2
Unrestored;Reserve, La;7;Res_7;Nephrosperma vanhoutteanum;0,5000;Nephrosperma vanhoutteanum;Forcipomyia (Euprojoannisia) sp1;6
Unrestored;Reserve, La;7;Res_7;Nephrosperma vanhoutteanum;0,5000;Nephrosperma vanhoutteanum;Apis mellifera;7
Unrestored;Reserve, La;7;Res_7;Nephrosperma vanhoutteanum;0,5000;Nephrosperma vanhoutteanum;Physiphora azurea;1
Unrestored;Reserve, La;7;Res_7;Nephrosperma vanhoutteanum;0,5000;Nephrosperma vanhoutteanum;Sciaridae sp1;3
Unrestored;Reserve, La;7;Res_7;Nephrosperma vanhoutteanum;0,5000;Nephrosperma vanhoutteanum;Atrichopogon yamabukiensis;1
Unrestored;Reserve, La;7;Res_7;Ochna kirkii;0,2167;Ochna kirkii;Polistes olivaceus;1
Unrestored;Reserve, La;7;Res_7;Phoenicophorium borsigianum;2,7000;Phoenicophorium borsigianum;Dermestidae sp1;8
Unrestored;Reserve, La;7;Res_7;Phoenicophorium borsigianum;2,7000;Phoenicophorium borsigianum;Rhiparida seychellensis;4
Unrestored;Reserve, La;7;Res_7;Phoenicophorium borsigianum;2,7000;Phoenicophorium borsigianum;Lasioglossum mahense;18
Unrestored;Reserve, La;7;Res_7;Phoenicophorium borsigianum;2,7000;Phoenicophorium borsigianum;Hemipyrellia germana;1
Unrestored;Reserve, La;7;Res_7;Phoenicophorium borsigianum;2,7000;Phoenicophorium borsigianum;Forcipomyia (Euprojoannisia) sp1;6
Unrestored;Reserve, La;7;Res_7;Phoenicophorium borsigianum;2,7000;Phoenicophorium borsigianum;Nitidulidae sp1;9
Unrestored;Reserve, La;7;Res_7;Phoenicophorium borsigianum;2,7000;Phoenicophorium borsigianum;near Eurycratus sp1;3
Unrestored;Reserve, La;7;Res_7;Phoenicophorium borsigianum;2,7000;Phoenicophorium borsigianum;Apis mellifera;21
Unrestored;Reserve, La;7;Res_7;Phoenicophorium borsigianum;2,7000;Phoenicophorium borsigianum;Sciaridae sp1;1
Unrestored;Reserve, La;7;Res_7;Phoenicophorium borsigianum;2,7000;Phoenicophorium borsigianum;Phelsuma sp;3
Unrestored;Reserve, La;7;Res_7;Phoenicophorium borsigianum;2,7000;Phoenicophorium borsigianum;Ornidia obesa;1
Unrestored;Reserve, La;7;Res_7;Premna serratifolia;0,1833;Premna serratifolia;Lasioglossum mahense;1
Unrestored;Reserve, La;7;Res_7;Premna serratifolia;0,1833;Premna serratifolia;Lygistorrhina sp;1
Unrestored;Reserve, La;7;Res_7;Premna serratifolia;0,1833;Premna serratifolia;Megachile laticeps;9
Unrestored;Reserve, La;7;Res_7;Premna serratifolia;0,1833;Premna serratifolia;Delta alluaudi;1
Unrestored;Reserve, La;7;Res_7;Premna serratifolia;0,1833;Premna serratifolia;Rhynchium brunneum;10
Unrestored;Reserve, La;7;Res_7;Psychotria pervillei;0,0667;Psychotria pervillei;Lasioglossum mahense;8
Unrestored;Reserve, La;7;Res_7;Syzygium jambos;0,0167;Syzygium jambos;Phelsuma sp;2
Unrestored;Reserve, La;7;Res_7;Syzygium jambos;0,0167;Syzygium jambos;Cinnyris dussumieri;1
Unrestored;Reserve, La;7;Res_7;Syzygium jambos;0,0167;Syzygium jambos;Mabuya seychellensis;1
Unrestored;Reserve, La;7;Res_7;Syzygium jambos;0,0167;Syzygium jambos;Polistes olivaceus;1
Unrestored;Reserve, La;8;Res_8;Cinnamomum verum;0,0333;Cinnamomum verum;Lasioglossum mahense;3
Unrestored;Reserve, La;8;Res_8;Cinnamomum verum;0,0333;Cinnamomum verum;Megachile seychellensis;2
Unrestored;Reserve, La;8;Res_8;Cinnamomum verum;0,0333;Cinnamomum verum;Apis mellifera;9
Unrestored;Reserve, La;8;Res_8;Cinnamomum verum;0,0333;Cinnamomum verum;Delta alluaudi;1
Unrestored;Reserve, La;8;Res_8;Cinnamomum verum;0,0333;Cinnamomum verum;Ornidia obesa;3
Unrestored;Reserve, La;8;Res_8;Deckenia nobilis;1,0500;Deckenia nobilis;Lasioglossum mahense;17
Unrestored;Reserve, La;8;Res_8;Deckenia nobilis;1,0500;Deckenia nobilis;Megachile seychellensis;3
Unrestored;Reserve, La;8;Res_8;Deckenia nobilis;1,0500;Deckenia nobilis;Chrysomya megacephala;1
Unrestored;Reserve, La;8;Res_8;Deckenia nobilis;1,0500;Deckenia nobilis;Rhinia apicalis;1
Unrestored;Reserve, La;8;Res_8;Deckenia nobilis;1,0500;Deckenia nobilis;Apis mellifera;54
Unrestored;Reserve, La;8;Res_8;Deckenia nobilis;1,0500;Deckenia nobilis;Hapalips sp1;1
Unrestored;Reserve, La;8;Res_8;Memecylon elaeagni;1,1167;Memecylon elaeagni;Lasioglossum mahense;2
Unrestored;Reserve, La;8;Res_8;Memecylon elaeagni;1,1167;Memecylon elaeagni;Simosyrphus aegyptius;3
Unrestored;Reserve, La;8;Res_8;Memecylon elaeagni;1,1167;Memecylon elaeagni;Chalicodoma disjuncta;5
Unrestored;Reserve, La;8;Res_8;Memecylon elaeagni;1,1167;Memecylon elaeagni;Xylocopa caffra;1
Unrestored;Reserve, La;8;Res_8;Memecylon elaeagni;1,1167;Memecylon elaeagni;Apis mellifera;8
Unrestored;Reserve, La;8;Res_8;Nephrosperma vanhoutteanum;0,5833;Nephrosperma vanhoutteanum;Dermestidae sp1;3
Unrestored;Reserve, La;8;Res_8;Nephrosperma vanhoutteanum;0,5833;Nephrosperma vanhoutteanum;Rhiparida seychellensis;1
Unrestored;Reserve, La;8;Res_8;Nephrosperma vanhoutteanum;0,5833;Nephrosperma vanhoutteanum;Lasioglossum mahense;21
Unrestored;Reserve, La;8;Res_8;Nephrosperma vanhoutteanum;0,5833;Nephrosperma vanhoutteanum;Megachile seychellensis;1
Unrestored;Reserve, La;8;Res_8;Nephrosperma vanhoutteanum;0,5833;Nephrosperma vanhoutteanum;Nitidulidae sp1;1
Unrestored;Reserve, La;8;Res_8;Nephrosperma vanhoutteanum;0,5833;Nephrosperma vanhoutteanum;Apis mellifera;29
Unrestored;Reserve, La;8;Res_8;Nephrosperma vanhoutteanum;0,5833;Nephrosperma vanhoutteanum;Atrichopogon yamabukiensis;2
Unrestored;Reserve, La;8;Res_8;Nephrosperma vanhoutteanum;0,5833;Nephrosperma vanhoutteanum;Scaptodrosophila undet sp1;1
Unrestored;Reserve, La;8;Res_8;Ochna kirkii;0,2500;Ochna kirkii;Xylocopa caffra;1
Unrestored;Reserve, La;8;Res_8;Paragenipa lancifolia;0,0333;Paragenipa lancifolia;Lasioglossum mahense;4
Unrestored;Reserve, La;8;Res_8;Paragenipa lancifolia;0,0333;Paragenipa lancifolia;Cinnyris dussumieri;1
Unrestored;Reserve, La;8;Res_8;Phoenicophorium borsigianum;0,8500;Phoenicophorium borsigianum;Dermestidae sp1;24
Unrestored;Reserve, La;8;Res_8;Phoenicophorium borsigianum;0,8500;Phoenicophorium borsigianum;Rhiparida seychellensis;8
Unrestored;Reserve, La;8;Res_8;Phoenicophorium borsigianum;0,8500;Phoenicophorium borsigianum;Lasioglossum mahense;39
Unrestored;Reserve, La;8;Res_8;Phoenicophorium borsigianum;0,8500;Phoenicophorium borsigianum;Nitidulidae sp1;1
Unrestored;Reserve, La;8;Res_8;Phoenicophorium borsigianum;0,8500;Phoenicophorium borsigianum;Apis mellifera;5
Unrestored;Reserve, La;8;Res_8;Phoenicophorium borsigianum;0,8500;Phoenicophorium borsigianum;Atrichopogon yamabukiensis;1
Unrestored;Reserve, La;8;Res_8;Phoenicophorium borsigianum;0,8500;Phoenicophorium borsigianum;Cryptophagidae sp1;3
Unrestored;Reserve, La;8;Res_8;Phoenicophorium borsigianum;0,8500;Phoenicophorium borsigianum;Cryptophagidae sp2;16
Unrestored;Reserve, La;8;Res_8;Phoenicophorium borsigianum;0,8500;Phoenicophorium borsigianum;Polistes olivaceus;1
Unrestored;Reserve, La;8;Res_8;Premna serratifolia;0,0667;Premna serratifolia;Megachile seychellensis;1
Unrestored;Reserve, La;8;Res_8;Premna serratifolia;0,0667;Premna serratifolia;Delta alluaudi;1
Unrestored;Reserve, La;8;Res_8;Premna serratifolia;0,0667;Premna serratifolia;Rhynchium brunneum;2
Unrestored;Reserve, La;8;Res_8;Premna serratifolia;0,0667;Premna serratifolia;Polistes olivaceus;1
Unrestored;Reserve, La;8;Res_8;Syzygium jambos;0,2000;Syzygium jambos;Lasioglossum mahense;1
Unrestored;Reserve, La;8;Res_8;Syzygium jambos;0,2000;Syzygium jambos;Phelsuma sp;4
Unrestored;Reserve, La;8;Res_8;Syzygium jambos;0,2000;Syzygium jambos;Cinnyris dussumieri;11
Unrestored;Reserve, La;8;Res_8;Syzygium jambos;0,2000;Syzygium jambos;Mabuya seychellensis;1
Unrestored;Rosebelle;1;Ros_1;Cinnamomum verum;0,9667;Cinnamomum verum;Simosyrphus aegyptius;1
Unrestored;Rosebelle;1;Ros_1;Cinnamomum verum;0,9667;Cinnamomum verum;Forcipomyia (Euprojoannisia) sp1;1
Unrestored;Rosebelle;1;Ros_1;Cinnamomum verum;0,9667;Cinnamomum verum;Ptinidae sp1;1
Unrestored;Rosebelle;1;Ros_1;Erythroxylum sechellarum;0,6500;Erythroxylum sechellarum;Lygistorrhina sp;2
Unrestored;Rosebelle;1;Ros_1;Erythroxylum sechellarum;0,6500;Erythroxylum sechellarum;Apis mellifera;10
Unrestored;Rosebelle;1;Ros_1;Excoecaria benthamiana;0,5333;Excoecaria benthamiana;Lasioglossum mahense;1
Unrestored;Rosebelle;1;Ros_1;Excoecaria benthamiana;0,5333;Excoecaria benthamiana;Forcipomyia (Euprojoannisia) sp1;1
Unrestored;Rosebelle;1;Ros_1;Excoecaria benthamiana;0,5333;Excoecaria benthamiana;Lygistorrhina sp;1
Unrestored;Rosebelle;1;Ros_1;Mimusops sechellarum;0,0333;Mimusops sechellarum;Cinnyris dussumieri;2
Unrestored;Rosebelle;1;Ros_1;Psychotria pervillei;0,0833;Psychotria pervillei;Forcipomyia (Thyridomyia) litoraurea;1
Unrestored;Rosebelle;1;Ros_1;Psychotria pervillei;0,0833;Psychotria pervillei;Apis mellifera;7
Unrestored;Rosebelle;1;Ros_1;Psychotria pervillei;0,0833;Psychotria pervillei;Cinnyris dussumieri;1
Unrestored;Rosebelle;1;Ros_1;Psychotria pervillei;0,0833;Psychotria pervillei;Forcipomyia (Microhelea) amieuensis;1
Unrestored;Rosebelle;1;Ros_1;Roscheria melanochaetes;0,0667;Roscheria melanochaetes;Musca domestica;2
Unrestored;Rosebelle;1;Ros_1;Roscheria melanochaetes;0,0667;Roscheria melanochaetes;Rhiparida seychellensis;1
Unrestored;Rosebelle;1;Ros_1;Roscheria melanochaetes;0,0667;Roscheria melanochaetes;Lasioglossum mahense;3
Unrestored;Rosebelle;1;Ros_1;Roscheria melanochaetes;0,0667;Roscheria melanochaetes;Forcipomyia (Euprojoannisia) sp1;2
Unrestored;Rosebelle;1;Ros_1;Roscheria melanochaetes;0,0667;Roscheria melanochaetes;Lygistorrhina sp;4
Unrestored;Rosebelle;1;Ros_1;Roscheria melanochaetes;0,0667;Roscheria melanochaetes;Dasyhelea tamsi;3
Unrestored;Rosebelle;1;Ros_1;Roscheria melanochaetes;0,0667;Roscheria melanochaetes;Cardiophorus sp1;3
Unrestored;Rosebelle;1;Ros_1;Roscheria melanochaetes;0,0667;Roscheria melanochaetes;Apis mellifera;1
Unrestored;Rosebelle;1;Ros_1;Roscheria melanochaetes;0,0667;Roscheria melanochaetes;Phelsuma sp;1
Unrestored;Rosebelle;1;Ros_1;Roscheria melanochaetes;0,0667;Roscheria melanochaetes;Cecidomyiidae sp1;1
Unrestored;Rosebelle;2;Ros_2;Erythroxylum sechellarum;0,5167;Erythroxylum sechellarum;Lasioglossum mahense;1
Unrestored;Rosebelle;2;Ros_2;Erythroxylum sechellarum;0,5167;Erythroxylum sechellarum;Smitta mahensis;1
Unrestored;Rosebelle;2;Ros_2;Erythroxylum sechellarum;0,5167;Erythroxylum sechellarum;Apis mellifera;6
Unrestored;Rosebelle;2;Ros_2;Excoecaria benthamiana;0,2167;Excoecaria benthamiana;Lygistorrhina sp;1
Unrestored;Rosebelle;2;Ros_2;Excoecaria benthamiana;0,2167;Excoecaria benthamiana;Dasyhelea tamsi;2
Unrestored;Rosebelle;2;Ros_2;Excoecaria benthamiana;0,2167;Excoecaria benthamiana;Geron seychellarum;3
Unrestored;Rosebelle;2;Ros_2;Memecylon elaeagni;0,2500;Memecylon elaeagni;Lasioglossum mahense;4
Unrestored;Rosebelle;2;Ros_2;Memecylon elaeagni;0,2500;Memecylon elaeagni;Apis mellifera;1
Unrestored;Rosebelle;2;Ros_2;Paragenipa lancifolia;0,2000;Paragenipa lancifolia;Lasioglossum mahense;1
Unrestored;Rosebelle;2;Ros_2;Paragenipa lancifolia;0,2000;Paragenipa lancifolia;Cinnyris dussumieri;1
Unrestored;Rosebelle;2;Ros_2;Roscheria melanochaetes;0,6333;Roscheria melanochaetes;Musca domestica;1
Unrestored;Rosebelle;2;Ros_2;Roscheria melanochaetes;0,6333;Roscheria melanochaetes;Rhiparida seychellensis;1
Unrestored;Rosebelle;2;Ros_2;Roscheria melanochaetes;0,6333;Roscheria melanochaetes;Forcipomyia (Euprojoannisia) sp1;5
Unrestored;Rosebelle;2;Ros_2;Roscheria melanochaetes;0,6333;Roscheria melanochaetes;Mordellistena coleae;2
Unrestored;Rosebelle;2;Ros_2;Roscheria melanochaetes;0,6333;Roscheria melanochaetes;Cardiophorus sp1;10
Unrestored;Rosebelle;2;Ros_2;Roscheria melanochaetes;0,6333;Roscheria melanochaetes;Apis mellifera;1
Unrestored;Rosebelle;2;Ros_2;Roscheria melanochaetes;0,6333;Roscheria melanochaetes;Physiphora azurea;1
Unrestored;Rosebelle;2;Ros_2;Roscheria melanochaetes;0,6333;Roscheria melanochaetes;Atrichopogon yamabukiensis;5
Unrestored;Rosebelle;2;Ros_2;Roscheria melanochaetes;0,6333;Roscheria melanochaetes;Elateridae sp2;2
Unrestored;Rosebelle;2;Ros_2;Roscheria melanochaetes;0,6333;Roscheria melanochaetes;Cecidomyiidae sp1;4
Unrestored;Rosebelle;2;Ros_2;Roscheria melanochaetes;0,6333;Roscheria melanochaetes;Scaptodrosophila undet sp2;3
Unrestored;Rosebelle;2;Ros_2;Roscheria melanochaetes;0,6333;Roscheria melanochaetes;Forcipomyia (Microhelea) amieuensis;3
Unrestored;Rosebelle;3;Ros_3;Alstonia macrophylla;0,3333;Alstonia macrophylla;Apis mellifera;2
Unrestored;Rosebelle;3;Ros_3;Cinnamomum verum;7,0667;Cinnamomum verum;Hemipyrellia germana;3
Unrestored;Rosebelle;3;Ros_3;Cinnamomum verum;7,0667;Cinnamomum verum;Apis mellifera;31
Unrestored;Rosebelle;3;Ros_3;Cinnamomum verum;7,0667;Cinnamomum verum;Atrichopogon yamabukiensis;1
Unrestored;Rosebelle;3;Ros_3;Cinnamomum verum;7,0667;Cinnamomum verum;Dichaetomyia fasciculifera;1
Unrestored;Rosebelle;3;Ros_3;Cinnamomum verum;7,0667;Cinnamomum verum;Forcipomyia (Microhelea) amieuensis;1
Unrestored;Rosebelle;3;Ros_3;Erythroxylum sechellarum;0,7500;Erythroxylum sechellarum;Lasioglossum mahense;4
Unrestored;Rosebelle;3;Ros_3;Erythroxylum sechellarum;0,7500;Erythroxylum sechellarum;Apis mellifera;18
Unrestored;Rosebelle;3;Ros_3;Erythroxylum sechellarum;0,7500;Erythroxylum sechellarum;Chironomus sp;1
Unrestored;Rosebelle;3;Ros_3;Erythroxylum sechellarum;0,7500;Erythroxylum sechellarum;Cinnyris dussumieri;1
Unrestored;Rosebelle;3;Ros_3;Erythroxylum sechellarum;0,7500;Erythroxylum sechellarum;Forcipomyia (Microhelea) amieuensis;1
Unrestored;Rosebelle;3;Ros_3;Excoecaria benthamiana;1,2333;Excoecaria benthamiana;Dasyhelea tamsi;7
Unrestored;Rosebelle;3;Ros_3;Excoecaria benthamiana;1,2333;Excoecaria benthamiana;Coleoptera sp3;2
Unrestored;Rosebelle;3;Ros_3;Excoecaria benthamiana;1,2333;Excoecaria benthamiana;Geron seychellarum;2
Unrestored;Rosebelle;3;Ros_3;Excoecaria benthamiana;1,2333;Excoecaria benthamiana;Chironomus sp;1
Unrestored;Rosebelle;3;Ros_3;Memecylon elaeagni;0,2667;Memecylon elaeagni;Lasioglossum mahense;5
Unrestored;Rosebelle;3;Ros_3;Memecylon elaeagni;0,2667;Memecylon elaeagni;Apis mellifera;1
Unrestored;Rosebelle;3;Ros_3;Nepenthes pervillei;0,0500;Nepenthes pervillei;Hemipyrellia germana;1
Unrestored;Rosebelle;3;Ros_3;Nepenthes pervillei;0,0500;Nepenthes pervillei;Coleoptera sp1;1
Unrestored;Rosebelle;3;Ros_3;Nephrosperma vanhoutteanum;0,6000;Nephrosperma vanhoutteanum;Lasioglossum mahense;14
Unrestored;Rosebelle;3;Ros_3;Nephrosperma vanhoutteanum;0,6000;Nephrosperma vanhoutteanum;Hemipyrellia germana;1
Unrestored;Rosebelle;3;Ros_3;Nephrosperma vanhoutteanum;0,6000;Nephrosperma vanhoutteanum;Simosyrphus aegyptius;1
Unrestored;Rosebelle;3;Ros_3;Nephrosperma vanhoutteanum;0,6000;Nephrosperma vanhoutteanum;Forcipomyia (Euprojoannisia) sp1;1
Unrestored;Rosebelle;3;Ros_3;Nephrosperma vanhoutteanum;0,6000;Nephrosperma vanhoutteanum;Lygistorrhina sp;1
Unrestored;Rosebelle;3;Ros_3;Nephrosperma vanhoutteanum;0,6000;Nephrosperma vanhoutteanum;Phelsuma sp;1
Unrestored;Rosebelle;3;Ros_3;Nephrosperma vanhoutteanum;0,6000;Nephrosperma vanhoutteanum;Forcipomyia (Microhelea) amieuensis;1
Unrestored;Rosebelle;3;Ros_3;Psidium cattleianum;0,2333;Psidium cattleianum;Lasioglossum mahense;3
Unrestored;Rosebelle;3;Ros_3;Psidium cattleianum;0,2333;Psidium cattleianum;Hemipyrellia germana;1
Unrestored;Rosebelle;3;Ros_3;Psidium cattleianum;0,2333;Psidium cattleianum;Apis mellifera;24
Unrestored;Rosebelle;3;Ros_3;Roscheria melanochaetes;2,3667;Roscheria melanochaetes;Dermestidae sp1;2
Unrestored;Rosebelle;3;Ros_3;Roscheria melanochaetes;2,3667;Roscheria melanochaetes;Rhiparida seychellensis;5
Unrestored;Rosebelle;3;Ros_3;Roscheria melanochaetes;2,3667;Roscheria melanochaetes;Forcipomyia (Euprojoannisia) sp1;3
Unrestored;Rosebelle;3;Ros_3;Roscheria melanochaetes;2,3667;Roscheria melanochaetes;Cardiophorus sp1;6
Unrestored;Rosebelle;3;Ros_3;Roscheria melanochaetes;2,3667;Roscheria melanochaetes;Sciaridae sp1;1
Unrestored;Rosebelle;3;Ros_3;Roscheria melanochaetes;2,3667;Roscheria melanochaetes;Atrichopogon yamabukiensis;1
Unrestored;Rosebelle;3;Ros_3;Roscheria melanochaetes;2,3667;Roscheria melanochaetes;Forcipomyia (Microhelea) amieuensis;1
Unrestored;Rosebelle;4;Ros_4;Erythroxylum sechellarum;0,6000;Erythroxylum sechellarum;Lasioglossum mahense;4
Unrestored;Rosebelle;4;Ros_4;Erythroxylum sechellarum;0,6000;Erythroxylum sechellarum;Apis mellifera;31
Unrestored;Rosebelle;4;Ros_4;Erythroxylum sechellarum;0,6000;Erythroxylum sechellarum;Atrichopogon yamabukiensis;1
Unrestored;Rosebelle;4;Ros_4;Erythroxylum sechellarum;0,6000;Erythroxylum sechellarum;Delta alluaudi;2
Unrestored;Rosebelle;4;Ros_4;Erythroxylum sechellarum;0,6000;Erythroxylum sechellarum;Cinnyris dussumieri;1
Unrestored;Rosebelle;4;Ros_4;Excoecaria benthamiana;0,4500;Excoecaria benthamiana;Cratopus aurostriatus;1
Unrestored;Rosebelle;4;Ros_4;Excoecaria benthamiana;0,4500;Excoecaria benthamiana;Chloropidae sp1;1
Unrestored;Rosebelle;4;Ros_4;Excoecaria benthamiana;0,4500;Excoecaria benthamiana;Apis mellifera;15
Unrestored;Rosebelle;4;Ros_4;Excoecaria benthamiana;0,4500;Excoecaria benthamiana;Tricimba seychellensis;1
Unrestored;Rosebelle;4;Ros_4;Ixora pudica;0,5333;Ixora pudica;Cephonodes tamsi;1
Unrestored;Rosebelle;4;Ros_4;Ixora pudica;0,5333;Ixora pudica;Apis mellifera;7
Unrestored;Rosebelle;4;Ros_4;Ixora pudica;0,5333;Ixora pudica;Phelsuma sp;1
Unrestored;Rosebelle;4;Ros_4;Ixora pudica;0,5333;Ixora pudica;Cinnyris dussumieri;3
Unrestored;Rosebelle;4;Ros_4;Memecylon elaeagni;1,6167;Memecylon elaeagni;Lasioglossum mahense;5
Unrestored;Rosebelle;4;Ros_4;Memecylon elaeagni;1,6167;Memecylon elaeagni;Simosyrphus aegyptius;1
Unrestored;Rosebelle;4;Ros_4;Memecylon elaeagni;1,6167;Memecylon elaeagni;Cratopus aurostriatus;3
Unrestored;Rosebelle;4;Ros_4;Memecylon elaeagni;1,6167;Memecylon elaeagni;Apis mellifera;11
Unrestored;Rosebelle;4;Ros_4;Nepenthes pervillei;0,9167;Nepenthes pervillei;Musca domestica;1
Unrestored;Rosebelle;4;Ros_4;Nepenthes pervillei;0,9167;Nepenthes pervillei;Pyralidae sp1;2
Unrestored;Rosebelle;4;Ros_4;Nepenthes pervillei;0,9167;Nepenthes pervillei;Dichaetomyia fasciculifera;6
Unrestored;Rosebelle;4;Ros_4;Nephrosperma vanhoutteanum;0,1667;Nephrosperma vanhoutteanum;Dermestidae sp1;1
Unrestored;Rosebelle;4;Ros_4;Nephrosperma vanhoutteanum;0,1667;Nephrosperma vanhoutteanum;Lasioglossum mahense;22
Unrestored;Rosebelle;4;Ros_4;Nephrosperma vanhoutteanum;0,1667;Nephrosperma vanhoutteanum;Forcipomyia (Euprojoannisia) sp1;1
Unrestored;Rosebelle;4;Ros_4;Nephrosperma vanhoutteanum;0,1667;Nephrosperma vanhoutteanum;Apis mellifera;15
Unrestored;Rosebelle;4;Ros_4;Psychotria pervillei;0,0833;Psychotria pervillei;Lasioglossum mahense;1
Unrestored;Rosebelle;4;Ros_4;Psychotria pervillei;0,0833;Psychotria pervillei;Apis mellifera;1
Unrestored;Rosebelle;4;Ros_4;Psychotria pervillei;0,0833;Psychotria pervillei;Cinnyris dussumieri;3
Unrestored;Rosebelle;4;Ros_4;Psychotria pervillei;0,0833;Psychotria pervillei;Pachycerina seychellensis;1
Unrestored;Rosebelle;4;Ros_4;Timonius flavescens;0,3333;Timonius flavescens;Nola sp1;1
Unrestored;Rosebelle;4;Ros_4;Timonius flavescens;0,3333;Timonius flavescens;Celama sp1;1
Unrestored;Rosebelle;5;Ros_5;Erythroxylum sechellarum;0,7167;Erythroxylum sechellarum;Musca domestica;1
Unrestored;Rosebelle;5;Ros_5;Erythroxylum sechellarum;0,7167;Erythroxylum sechellarum;Lasioglossum mahense;11
Unrestored;Rosebelle;5;Ros_5;Erythroxylum sechellarum;0,7167;Erythroxylum sechellarum;Apis mellifera;1
Unrestored;Rosebelle;5;Ros_5;Erythroxylum sechellarum;0,7167;Erythroxylum sechellarum;Tricimba seychellensis;1
Unrestored;Rosebelle;5;Ros_5;Erythroxylum sechellarum;0,7167;Erythroxylum sechellarum;Cinnyris dussumieri;1
Unrestored;Rosebelle;5;Ros_5;Excoecaria benthamiana;0,3667;Excoecaria benthamiana;Apis mellifera;1
Unrestored;Rosebelle;5;Ros_5;Memecylon elaeagni;1,1500;Memecylon elaeagni;Cratopus aurostriatus;1
Unrestored;Rosebelle;5;Ros_5;Memecylon elaeagni;1,1500;Memecylon elaeagni;Apis mellifera;2
Unrestored;Rosebelle;5;Ros_5;Nepenthes pervillei;0,6333;Nepenthes pervillei;Musca domestica;2
Unrestored;Rosebelle;5;Ros_5;Nepenthes pervillei;0,6333;Nepenthes pervillei;Hemipyrellia germana;1
Unrestored;Rosebelle;5;Ros_5;Nepenthes pervillei;0,6333;Nepenthes pervillei;Ornidia obesa;1
Unrestored;Rosebelle;5;Ros_5;Psychotria pervillei;0,1000;Psychotria pervillei;Delta alluaudi;1
Unrestored;Rosebelle;5;Ros_5;Psychotria pervillei;0,1000;Psychotria pervillei;Cinnyris dussumieri;4
Unrestored;Rosebelle;5;Ros_5;Roscheria melanochaetes;1,0000;Roscheria melanochaetes;Forcipomyia (Euprojoannisia) sp1;6
Unrestored;Rosebelle;5;Ros_5;Roscheria melanochaetes;1,0000;Roscheria melanochaetes;Lygistorrhina sp;1
Unrestored;Rosebelle;5;Ros_5;Roscheria melanochaetes;1,0000;Roscheria melanochaetes;Dasyhelea tamsi;3
Unrestored;Rosebelle;5;Ros_5;Roscheria melanochaetes;1,0000;Roscheria melanochaetes;Cardiophorus sp1;2
Unrestored;Rosebelle;5;Ros_5;Roscheria melanochaetes;1,0000;Roscheria melanochaetes;Tricimba seychellensis;1
Unrestored;Rosebelle;5;Ros_5;Roscheria melanochaetes;1,0000;Roscheria melanochaetes;Atrichopogon yamabukiensis;1
Unrestored;Rosebelle;5;Ros_5;Roscheria melanochaetes;1,0000;Roscheria melanochaetes;Dichaetomyia fasciculifera;3
Unrestored;Rosebelle;6;Ros_6;Aphloia theiformis;1,3833;Aphloia theiformis;Lasioglossum mahense;19
Unrestored;Rosebelle;6;Ros_6;Aphloia theiformis;1,3833;Aphloia theiformis;Forcipomyia (Euprojoannisia) sp1;2
Unrestored;Rosebelle;6;Ros_6;Aphloia theiformis;1,3833;Aphloia theiformis;Dasyhelea tamsi;1
Unrestored;Rosebelle;6;Ros_6;Aphloia theiformis;1,3833;Aphloia theiformis;Atrichopogon yamabukiensis;1
Unrestored;Rosebelle;6;Ros_6;Pyrostria bibracteata;0,0333;Pyrostria bibracteata;Hemipyrellia germana;2
Unrestored;Rosebelle;6;Ros_6;Pyrostria bibracteata;0,0333;Pyrostria bibracteata;Apis mellifera;3
Unrestored;Rosebelle;6;Ros_6;Erythroxylum sechellarum;0,5500;Erythroxylum sechellarum;Dasyhelea tamsi;1
Unrestored;Rosebelle;6;Ros_6;Erythroxylum sechellarum;0,5500;Erythroxylum sechellarum;Delta alluaudi;1
Unrestored;Rosebelle;6;Ros_6;Paragenipa lancifolia;0,0333;Paragenipa lancifolia;Lasioglossum mahense;1
Unrestored;Rosebelle;6;Ros_6;Paragenipa lancifolia;0,0333;Paragenipa lancifolia;Apis mellifera;3
Unrestored;Rosebelle;6;Ros_6;Paragenipa lancifolia;0,0333;Paragenipa lancifolia;Cinnyris dussumieri;3
Unrestored;Rosebelle;6;Ros_6;Psychotria pervillei;0,2500;Psychotria pervillei;Lasioglossum mahense;1
Unrestored;Rosebelle;6;Ros_6;Psychotria pervillei;0,2500;Psychotria pervillei;Delta alluaudi;3
Unrestored;Rosebelle;6;Ros_6;Psychotria pervillei;0,2500;Psychotria pervillei;Cinnyris dussumieri;3
Unrestored;Rosebelle;6;Ros_6;Roscheria melanochaetes;0,0500;Roscheria melanochaetes;Lobosciara bilotata;2
Unrestored;Rosebelle;6;Ros_6;Roscheria melanochaetes;0,0500;Roscheria melanochaetes;Forcipomyia (Euprojoannisia) sp1;2
Unrestored;Rosebelle;6;Ros_6;Roscheria melanochaetes;0,0500;Roscheria melanochaetes;Lygistorrhina sp;2
Unrestored;Rosebelle;6;Ros_6;Roscheria melanochaetes;0,0500;Roscheria melanochaetes;Dasyhelea tamsi;6
Unrestored;Rosebelle;6;Ros_6;Roscheria melanochaetes;0,0500;Roscheria melanochaetes;Cossonini sp2;1
Unrestored;Rosebelle;7;Ros_7;Erythroxylum sechellarum;0,3167;Erythroxylum sechellarum;Rhiparida seychellensis;1
Unrestored;Rosebelle;7;Ros_7;Erythroxylum sechellarum;0,3167;Erythroxylum sechellarum;Apis mellifera;10
Unrestored;Rosebelle;7;Ros_7;Erythroxylum sechellarum;0,3167;Erythroxylum sechellarum;Delta alluaudi;2
Unrestored;Rosebelle;7;Ros_7;Pittosporum senacia subsp. wrightii;0,2333;Pittosporum senacia subsp. wrightii;Lasioglossum mahense;1
Unrestored;Rosebelle;7;Ros_7;Pittosporum senacia subsp. wrightii;0,2333;Pittosporum senacia subsp. wrightii;Simosyrphus aegyptius;3
Unrestored;Rosebelle;7;Ros_7;Roscheria melanochaetes;1,2333;Roscheria melanochaetes;Dasyhelea tamsi;26
Unrestored;Rosebelle;7;Ros_7;Roscheria melanochaetes;1,2333;Roscheria melanochaetes;Mordellistena coleae;12
Unrestored;Rosebelle;7;Ros_7;Roscheria melanochaetes;1,2333;Roscheria melanochaetes;Forcipomyia (Thyridomyia) litoraurea;3
Unrestored;Rosebelle;7;Ros_7;Roscheria melanochaetes;1,2333;Roscheria melanochaetes;Hymenoptera sp1;1
Unrestored;Rosebelle;7;Ros_7;Roscheria melanochaetes;1,2333;Roscheria melanochaetes;Atrichopogon yamabukiensis;1
Unrestored;Rosebelle;7;Ros_7;Roscheria melanochaetes;1,2333;Roscheria melanochaetes;Cossonini sp2;2
Unrestored;Rosebelle;7;Ros_7;Timonius flavescens;0,2500;Timonius flavescens;Endotricha mesenterialis mahensis;2
Unrestored;Rosebelle;7;Ros_7;Timonius flavescens;0,2500;Timonius flavescens;Herpetogramma sp1;1
Unrestored;Rosebelle;8;Ros_8;Cinnamomum verum;0,3333;Cinnamomum verum;Apis mellifera;1
Unrestored;Rosebelle;8;Ros_8;Cinnamomum verum;0,3333;Cinnamomum verum;Cinnyris dussumieri;2
Unrestored;Rosebelle;8;Ros_8;Erythroxylum sechellarum;0,0333;Erythroxylum sechellarum;Lygistorrhina sp;3
Unrestored;Rosebelle;8;Ros_8;Erythroxylum sechellarum;0,0333;Erythroxylum sechellarum;Delta alluaudi;1
Unrestored;Rosebelle;8;Ros_8;Nephrosperma vanhoutteanum;0,6000;Nephrosperma vanhoutteanum;Dermestidae sp1;3
Unrestored;Rosebelle;8;Ros_8;Nephrosperma vanhoutteanum;0,6000;Nephrosperma vanhoutteanum;Rhiparida seychellensis;2
Unrestored;Rosebelle;8;Ros_8;Nephrosperma vanhoutteanum;0,6000;Nephrosperma vanhoutteanum;Lasioglossum mahense;41
Unrestored;Rosebelle;8;Ros_8;Nephrosperma vanhoutteanum;0,6000;Nephrosperma vanhoutteanum;Cratopus aurostriatus;5
Unrestored;Rosebelle;8;Ros_8;Nephrosperma vanhoutteanum;0,6000;Nephrosperma vanhoutteanum;Apis mellifera;1
Unrestored;Rosebelle;8;Ros_8;Northea seychellana;0,2500;Northea seychellana;Cratopus aurostriatus;1
Unrestored;Rosebelle;8;Ros_8;Northea seychellana;0,2500;Northea seychellana;Cryptorhynchidius graniger;1
Unrestored;Rosebelle;8;Ros_8;Northea seychellana;0,2500;Northea seychellana;Phelsuma sp;3
Unrestored;Rosebelle;8;Ros_8;Northea seychellana;0,2500;Northea seychellana;Chaetonerius alluaudii;1
Unrestored;Rosebelle;8;Ros_8;Northea seychellana;0,2500;Northea seychellana;Cinnyris dussumieri;2
Unrestored;Rosebelle;8;Ros_8;Roscheria melanochaetes;0,3833;Roscheria melanochaetes;Musca domestica;2
Unrestored;Rosebelle;8;Ros_8;Roscheria melanochaetes;0,3833;Roscheria melanochaetes;Lasioglossum mahense;3
Unrestored;Rosebelle;8;Ros_8;Roscheria melanochaetes;0,3833;Roscheria melanochaetes;Forcipomyia (Euprojoannisia) sp1;10
Unrestored;Rosebelle;8;Ros_8;Roscheria melanochaetes;0,3833;Roscheria melanochaetes;Dasyhelea tamsi;6
Unrestored;Rosebelle;8;Ros_8;Roscheria melanochaetes;0,3833;Roscheria melanochaetes;Apis mellifera;4
Unrestored;Rosebelle;8;Ros_8;Roscheria melanochaetes;0,3833;Roscheria melanochaetes;Phelsuma sp;1
Unrestored;Rosebelle;8;Ros_8;Roscheria melanochaetes;0,3833;Roscheria melanochaetes;Scaptodrosophila undet sp1;3
Unrestored;Rosebelle;8;Ros_8;Roscheria melanochaetes;0,3833;Roscheria melanochaetes;Forcipomyia (Microhelea) amieuensis;1
Restored;Salazie;1;Sal_1;Pyrostria bibracteata;0,0857;Pyrostria bibracteata;Lasioglossum mahense;3
Restored;Salazie;1;Sal_1;Erythroxylum sechellarum;0,2429;Erythroxylum sechellarum;Lasioglossum mahense;4
Restored;Salazie;1;Sal_1;Erythroxylum sechellarum;0,2429;Erythroxylum sechellarum;Ptinidae sp1;1
Restored;Salazie;1;Sal_1;Erythroxylum sechellarum;0,2429;Erythroxylum sechellarum;Apis mellifera;7
Restored;Salazie;1;Sal_1;Memecylon elaeagni;0,0714;Memecylon elaeagni;Simosyrphus aegyptius;1
Restored;Salazie;1;Sal_1;Nephrosperma vanhoutteanum;1,0429;Nephrosperma vanhoutteanum;Rhiparida seychellensis;2
Restored;Salazie;1;Sal_1;Nephrosperma vanhoutteanum;1,0429;Nephrosperma vanhoutteanum;Lasioglossum mahense;43
Restored;Salazie;1;Sal_1;Nephrosperma vanhoutteanum;1,0429;Nephrosperma vanhoutteanum;Forcipomyia (Euprojoannisia) sp1;17
Restored;Salazie;1;Sal_1;Nephrosperma vanhoutteanum;1,0429;Nephrosperma vanhoutteanum;Dasyhelea tamsi;3
Restored;Salazie;1;Sal_1;Nephrosperma vanhoutteanum;1,0429;Nephrosperma vanhoutteanum;Cratopus aurostriatus;2
Restored;Salazie;1;Sal_1;Nephrosperma vanhoutteanum;1,0429;Nephrosperma vanhoutteanum;Apis mellifera;4
Restored;Salazie;1;Sal_1;Nephrosperma vanhoutteanum;1,0429;Nephrosperma vanhoutteanum;Sciaridae sp1;7
Restored;Salazie;1;Sal_1;Nephrosperma vanhoutteanum;1,0429;Nephrosperma vanhoutteanum;Phelsuma sp;1
Restored;Salazie;1;Sal_1;Nephrosperma vanhoutteanum;1,0429;Nephrosperma vanhoutteanum;Thripomorpha rufithorax;1
Restored;Salazie;1;Sal_1;Nephrosperma vanhoutteanum;1,0429;Nephrosperma vanhoutteanum;Ptinidae sp3;3
Restored;Salazie;1;Sal_1;Nephrosperma vanhoutteanum;1,0429;Nephrosperma vanhoutteanum;Elateridae sp3;2
Restored;Salazie;1;Sal_1;Roscheria melanochaetes;0,5143;Roscheria melanochaetes;Dermestidae sp1;1
Restored;Salazie;1;Sal_1;Roscheria melanochaetes;0,5143;Roscheria melanochaetes;Lobosciara bilotata;2
Restored;Salazie;1;Sal_1;Roscheria melanochaetes;0,5143;Roscheria melanochaetes;Forcipomyia (Euprojoannisia) sp1;7
Restored;Salazie;1;Sal_1;Roscheria melanochaetes;0,5143;Roscheria melanochaetes;Lygistorrhina sp;2
Restored;Salazie;1;Sal_1;Roscheria melanochaetes;0,5143;Roscheria melanochaetes;Dasyhelea tamsi;5
Restored;Salazie;1;Sal_1;Roscheria melanochaetes;0,5143;Roscheria melanochaetes;Sciaridae sp1;4
Restored;Salazie;1;Sal_1;Roscheria melanochaetes;0,5143;Roscheria melanochaetes;Cecidomyiidae sp1;7
Restored;Salazie;1;Sal_1;Roscheria melanochaetes;0,5143;Roscheria melanochaetes;Stenotrupis sp1;4
Restored;Salazie;1;Sal_1;Soulamea terminalioides;0,0857;Soulamea terminalioides;Forcipomyia (Euprojoannisia) sp1;3
Restored;Salazie;1;Sal_1;Soulamea terminalioides;0,0857;Soulamea terminalioides;Lygistorrhina sp;2
Restored;Salazie;1;Sal_1;Soulamea terminalioides;0,0857;Soulamea terminalioides;Ptinidae sp1;1
Restored;Salazie;1;Sal_1;Soulamea terminalioides;0,0857;Soulamea terminalioides;Smitta mahensis;8
Restored;Salazie;1;Sal_1;Soulamea terminalioides;0,0857;Soulamea terminalioides;Dasyhelea tamsi;1
Restored;Salazie;1;Sal_1;Soulamea terminalioides;0,0857;Soulamea terminalioides;Physiphora azurea;1
Restored;Salazie;1;Sal_1;Soulamea terminalioides;0,0857;Soulamea terminalioides;Scaptodrosophila undet sp1;2
Restored;Salazie;1;Sal_1;Soulamea terminalioides;0,0857;Soulamea terminalioides;Chalcidoidea sp1;1
Restored;Salazie;1;Sal_1;Soulamea terminalioides;0,0857;Soulamea terminalioides;Chironomidae sp1;1
Restored;Salazie;2;Sal_2;Pyrostria bibracteata;1,5429;Pyrostria bibracteata;Rhiparida seychellensis;3
Restored;Salazie;2;Sal_2;Pyrostria bibracteata;1,5429;Pyrostria bibracteata;Lasioglossum mahense;7
Restored;Salazie;2;Sal_2;Pyrostria bibracteata;1,5429;Pyrostria bibracteata;Hemipyrellia germana;8
Restored;Salazie;2;Sal_2;Pyrostria bibracteata;1,5429;Pyrostria bibracteata;Simosyrphus aegyptius;1
Restored;Salazie;2;Sal_2;Pyrostria bibracteata;1,5429;Pyrostria bibracteata;Forcipomyia (Euprojoannisia) sp1;2
Restored;Salazie;2;Sal_2;Pyrostria bibracteata;1,5429;Pyrostria bibracteata;Lygistorrhina sp;3
Restored;Salazie;2;Sal_2;Pyrostria bibracteata;1,5429;Pyrostria bibracteata;Apis mellifera;26
Restored;Salazie;2;Sal_2;Pyrostria bibracteata;1,5429;Pyrostria bibracteata;Mabuya seychellensis;3
Restored;Salazie;2;Sal_2;Erythroxylum sechellarum;0,4571;Erythroxylum sechellarum;Lasioglossum mahense;4
Restored;Salazie;2;Sal_2;Erythroxylum sechellarum;0,4571;Erythroxylum sechellarum;Lygistorrhina sp;2
Restored;Salazie;2;Sal_2;Erythroxylum sechellarum;0,4571;Erythroxylum sechellarum;Apis mellifera;4
Restored;Salazie;2;Sal_2;Erythroxylum sechellarum;0,4571;Erythroxylum sechellarum;Atrichopogon yamabukiensis;2
Restored;Salazie;2;Sal_2;Memecylon elaeagni;1,0571;Memecylon elaeagni;Lasioglossum mahense;3
Restored;Salazie;2;Sal_2;Memecylon elaeagni;1,0571;Memecylon elaeagni;Apis mellifera;7
Restored;Salazie;2;Sal_2;Nephrosperma vanhoutteanum;0,5429;Nephrosperma vanhoutteanum;Dermestidae sp1;28
Restored;Salazie;2;Sal_2;Nephrosperma vanhoutteanum;0,5429;Nephrosperma vanhoutteanum;Rhiparida seychellensis;3
Restored;Salazie;2;Sal_2;Nephrosperma vanhoutteanum;0,5429;Nephrosperma vanhoutteanum;Lasioglossum mahense;27
Restored;Salazie;2;Sal_2;Nephrosperma vanhoutteanum;0,5429;Nephrosperma vanhoutteanum;Dasyhelea tamsi;8
Restored;Salazie;2;Sal_2;Nephrosperma vanhoutteanum;0,5429;Nephrosperma vanhoutteanum;Apis mellifera;10
Restored;Salazie;2;Sal_2;Nephrosperma vanhoutteanum;0,5429;Nephrosperma vanhoutteanum;Atrichopogon yamabukiensis;1
Restored;Salazie;2;Sal_2;Nephrosperma vanhoutteanum;0,5429;Nephrosperma vanhoutteanum;Scaptodrosophila undet sp2;2
Restored;Salazie;2;Sal_2;Nephrosperma vanhoutteanum;0,5429;Nephrosperma vanhoutteanum;Bradysia ocellaris;5
Restored;Salazie;2;Sal_2;Paragenipa lancifolia;0,4571;Paragenipa lancifolia;Lasioglossum mahense;6
Restored;Salazie;2;Sal_2;Paragenipa lancifolia;0,4571;Paragenipa lancifolia;Cratopus aurostriatus;1
Restored;Salazie;2;Sal_2;Paragenipa lancifolia;0,4571;Paragenipa lancifolia;Apis mellifera;3
Restored;Salazie;2;Sal_2;Paragenipa lancifolia;0,4571;Paragenipa lancifolia;Mabuya seychellensis;1
Restored;Salazie;2;Sal_2;Roscheria melanochaetes;0,5000;Roscheria melanochaetes;Forcipomyia (Euprojoannisia) sp1;10
Restored;Salazie;2;Sal_2;Roscheria melanochaetes;0,5000;Roscheria melanochaetes;Lygistorrhina sp;1
Restored;Salazie;2;Sal_2;Roscheria melanochaetes;0,5000;Roscheria melanochaetes;Chalicodoma disjuncta;1
Restored;Salazie;2;Sal_2;Roscheria melanochaetes;0,5000;Roscheria melanochaetes;Phelsuma sp;1
Restored;Salazie;2;Sal_2;Roscheria melanochaetes;0,5000;Roscheria melanochaetes;Scaptodrosophila undet sp1;1
Restored;Salazie;3;Sal_3;Erythroxylum sechellarum;1,4000;Erythroxylum sechellarum;Lasioglossum mahense;8
Restored;Salazie;3;Sal_3;Erythroxylum sechellarum;1,4000;Erythroxylum sechellarum;Simosyrphus aegyptius;1
Restored;Salazie;3;Sal_3;Erythroxylum sechellarum;1,4000;Erythroxylum sechellarum;Apis mellifera;5
Restored;Salazie;3;Sal_3;Erythroxylum sechellarum;1,4000;Erythroxylum sechellarum;Chironomus sp;3
Restored;Salazie;3;Sal_3;Memecylon elaeagni;0,2714;Memecylon elaeagni;Lasioglossum mahense;5
Restored;Salazie;3;Sal_3;Memecylon elaeagni;0,2714;Memecylon elaeagni;Simosyrphus aegyptius;1
Restored;Salazie;3;Sal_3;Memecylon elaeagni;0,2714;Memecylon elaeagni;Apis mellifera;3
Restored;Salazie;3;Sal_3;Memecylon elaeagni;0,2714;Memecylon elaeagni;Amblypsilopus (?) nr. simplex;1
Restored;Salazie;3;Sal_3;Memecylon elaeagni;0,2714;Memecylon elaeagni;Scaptodrosophila undet sp1;1
Restored;Salazie;3;Sal_3;Nephrosperma vanhoutteanum;0,7857;Nephrosperma vanhoutteanum;Dermestidae sp1;3
Restored;Salazie;3;Sal_3;Nephrosperma vanhoutteanum;0,7857;Nephrosperma vanhoutteanum;Rhiparida seychellensis;1
Restored;Salazie;3;Sal_3;Nephrosperma vanhoutteanum;0,7857;Nephrosperma vanhoutteanum;Lasioglossum mahense;35
Restored;Salazie;3;Sal_3;Nephrosperma vanhoutteanum;0,7857;Nephrosperma vanhoutteanum;Hemipyrellia germana;1
Restored;Salazie;3;Sal_3;Nephrosperma vanhoutteanum;0,7857;Nephrosperma vanhoutteanum;Forcipomyia (Euprojoannisia) sp1;3
Restored;Salazie;3;Sal_3;Nephrosperma vanhoutteanum;0,7857;Nephrosperma vanhoutteanum;Cratopus aurostriatus;1
Restored;Salazie;3;Sal_3;Nephrosperma vanhoutteanum;0,7857;Nephrosperma vanhoutteanum;Apis mellifera;11
Restored;Salazie;3;Sal_3;Nephrosperma vanhoutteanum;0,7857;Nephrosperma vanhoutteanum;Thripomorpha rufithorax;2
Restored;Salazie;3;Sal_3;Nephrosperma vanhoutteanum;0,7857;Nephrosperma vanhoutteanum;Figitidae sp2;1
Restored;Salazie;3;Sal_3;Paragenipa lancifolia;0,0286;Paragenipa lancifolia;Lasioglossum mahense;7
Restored;Salazie;3;Sal_3;Paragenipa lancifolia;0,0286;Paragenipa lancifolia;Forcipomyia (Euprojoannisia) sp1;1
Restored;Salazie;3;Sal_3;Paragenipa lancifolia;0,0286;Paragenipa lancifolia;Apis mellifera;7
Restored;Salazie;3;Sal_3;Roscheria melanochaetes;1,2571;Roscheria melanochaetes;Lasioglossum mahense;2
Restored;Salazie;3;Sal_3;Roscheria melanochaetes;1,2571;Roscheria melanochaetes;Forcipomyia (Euprojoannisia) sp1;8
Restored;Salazie;3;Sal_3;Roscheria melanochaetes;1,2571;Roscheria melanochaetes;Dasyhelea tamsi;3
Restored;Salazie;3;Sal_3;Roscheria melanochaetes;1,2571;Roscheria melanochaetes;Dolichopodidae sp1;1
Restored;Salazie;3;Sal_3;Roscheria melanochaetes;1,2571;Roscheria melanochaetes;Atrichopogon yamabukiensis;1
Restored;Salazie;3;Sal_3;Roscheria melanochaetes;1,2571;Roscheria melanochaetes;Dichaetomyia fasciculifera;2
Restored;Salazie;3;Sal_3;Timonius flavescens;0,6571;Timonius flavescens;Lasioglossum mahense;1
Restored;Salazie;3;Sal_3;Timonius flavescens;0,6571;Timonius flavescens;Stictopterinae sp1;1
Restored;Salazie;4;Sal_4;Pyrostria bibracteata;0,1571;Pyrostria bibracteata;Musca domestica;2
Restored;Salazie;4;Sal_4;Pyrostria bibracteata;0,1571;Pyrostria bibracteata;Lasioglossum mahense;21
Restored;Salazie;4;Sal_4;Pyrostria bibracteata;0,1571;Pyrostria bibracteata;Lygistorrhina sp;1
Restored;Salazie;4;Sal_4;Pyrostria bibracteata;0,1571;Pyrostria bibracteata;Cratopus aurostriatus;2
Restored;Salazie;4;Sal_4;Pyrostria bibracteata;0,1571;Pyrostria bibracteata;Apis mellifera;11
Restored;Salazie;4;Sal_4;Pyrostria bibracteata;0,1571;Pyrostria bibracteata;Dichaetomyia fasciculifera;1
Restored;Salazie;4;Sal_4;Pyrostria bibracteata;0,1571;Pyrostria bibracteata;Scaptodrosophila undet sp1;1
Restored;Salazie;4;Sal_4;Pyrostria bibracteata;0,1571;Pyrostria bibracteata;Delta alluaudi;1
Restored;Salazie;4;Sal_4;Pyrostria bibracteata;0,1571;Pyrostria bibracteata;Endotricha mesenterialis mahensis;1
Restored;Salazie;4;Sal_4;Dillenia ferruginea;0,0286;Dillenia ferruginea;Dermestidae sp1;1
Restored;Salazie;4;Sal_4;Dillenia ferruginea;0,0286;Dillenia ferruginea;Lasioglossum mahense;6
Restored;Salazie;4;Sal_4;Dillenia ferruginea;0,0286;Dillenia ferruginea;Nitidulidae sp1;1
Restored;Salazie;4;Sal_4;Dillenia ferruginea;0,0286;Dillenia ferruginea;Cratopus aurostriatus;1
Restored;Salazie;4;Sal_4;Dillenia ferruginea;0,0286;Dillenia ferruginea;Xylocopa caffra;1
Restored;Salazie;4;Sal_4;Dillenia ferruginea;0,0286;Dillenia ferruginea;Apis mellifera;26
Restored;Salazie;4;Sal_4;Dillenia ferruginea;0,0286;Dillenia ferruginea;Phelsuma sp;1
Restored;Salazie;4;Sal_4;Dillenia ferruginea;0,0286;Dillenia ferruginea;Dichaetomyia fasciculifera;1
Restored;Salazie;4;Sal_4;Dillenia ferruginea;0,0286;Dillenia ferruginea;Ornidia obesa;2
Restored;Salazie;4;Sal_4;Erythroxylum sechellarum;0,3143;Erythroxylum sechellarum;Lasioglossum mahense;17
Restored;Salazie;4;Sal_4;Erythroxylum sechellarum;0,3143;Erythroxylum sechellarum;Lygistorrhina sp;1
Restored;Salazie;4;Sal_4;Erythroxylum sechellarum;0,3143;Erythroxylum sechellarum;Megachile laticeps;2
Restored;Salazie;4;Sal_4;Erythroxylum sechellarum;0,3143;Erythroxylum sechellarum;Apis mellifera;8
Restored;Salazie;4;Sal_4;Erythroxylum sechellarum;0,3143;Erythroxylum sechellarum;Delta alluaudi;1
Restored;Salazie;4;Sal_4;Erythroxylum sechellarum;0,3143;Erythroxylum sechellarum;Chironomus sp;1
Restored;Salazie;4;Sal_4;Memecylon elaeagni;1,8429;Memecylon elaeagni;Lasioglossum mahense;2
Restored;Salazie;4;Sal_4;Memecylon elaeagni;1,8429;Memecylon elaeagni;Simosyrphus aegyptius;1
Restored;Salazie;4;Sal_4;Memecylon elaeagni;1,8429;Memecylon elaeagni;Apis mellifera;8
Restored;Salazie;4;Sal_4;Nephrosperma vanhoutteanum;0,1714;Nephrosperma vanhoutteanum;Dermestidae sp1;8
Restored;Salazie;4;Sal_4;Nephrosperma vanhoutteanum;0,1714;Nephrosperma vanhoutteanum;Rhiparida seychellensis;9
Restored;Salazie;4;Sal_4;Nephrosperma vanhoutteanum;0,1714;Nephrosperma vanhoutteanum;Lasioglossum mahense;34
Restored;Salazie;4;Sal_4;Nephrosperma vanhoutteanum;0,1714;Nephrosperma vanhoutteanum;Forcipomyia (Euprojoannisia) sp1;6
Restored;Salazie;4;Sal_4;Nephrosperma vanhoutteanum;0,1714;Nephrosperma vanhoutteanum;Apis mellifera;27
Restored;Salazie;4;Sal_4;Nephrosperma vanhoutteanum;0,1714;Nephrosperma vanhoutteanum;Nitidulidae sp2;1
Restored;Salazie;4;Sal_4;Nephrosperma vanhoutteanum;0,1714;Nephrosperma vanhoutteanum;Phelsuma sp;2
Restored;Salazie;4;Sal_4;Psychotria pervillei;0,4571;Psychotria pervillei;Parasarcophaga hirticeps;1
Restored;Salazie;4;Sal_4;Psychotria pervillei;0,4571;Psychotria pervillei;Lasioglossum mahense;22
Restored;Salazie;4;Sal_4;Psychotria pervillei;0,4571;Psychotria pervillei;Simosyrphus aegyptius;2
Restored;Salazie;4;Sal_4;Psychotria pervillei;0,4571;Psychotria pervillei;Apis mellifera;3
Restored;Salazie;4;Sal_4;Psychotria pervillei;0,4571;Psychotria pervillei;Pseudolycoriella microcteniuni;10
Restored;Salazie;4;Sal_4;Psychotria pervillei;0,4571;Psychotria pervillei;Delta alluaudi;5
Restored;Salazie;4;Sal_4;Roscheria melanochaetes;0,3571;Roscheria melanochaetes;Rhiparida seychellensis;1
Restored;Salazie;4;Sal_4;Roscheria melanochaetes;0,3571;Roscheria melanochaetes;Forcipomyia (Euprojoannisia) sp1;10
Restored;Salazie;4;Sal_4;Roscheria melanochaetes;0,3571;Roscheria melanochaetes;Dasyhelea tamsi;7
Restored;Salazie;4;Sal_4;Roscheria melanochaetes;0,3571;Roscheria melanochaetes;Apis mellifera;6
Restored;Salazie;4;Sal_4;Roscheria melanochaetes;0,3571;Roscheria melanochaetes;Phelsuma sp;1
Restored;Salazie;4;Sal_4;Roscheria melanochaetes;0,3571;Roscheria melanochaetes;Atrichopogon yamabukiensis;3
Restored;Salazie;5;Sal_5;Pyrostria bibracteata;0,7857;Pyrostria bibracteata;Lasioglossum mahense;12
Restored;Salazie;5;Sal_5;Pyrostria bibracteata;0,7857;Pyrostria bibracteata;Megachile laticeps;1
Restored;Salazie;5;Sal_5;Pyrostria bibracteata;0,7857;Pyrostria bibracteata;Apis mellifera;9
Restored;Salazie;5;Sal_5;Pyrostria bibracteata;0,7857;Pyrostria bibracteata;Dichaetomyia fasciculifera;1
Restored;Salazie;5;Sal_5;Pyrostria bibracteata;0,7857;Pyrostria bibracteata;Delta alluaudi;1
Restored;Salazie;5;Sal_5;Pyrostria bibracteata;0,7857;Pyrostria bibracteata;Polistes olivaceus;1
Restored;Salazie;5;Sal_5;Erythroxylum sechellarum;0,5286;Erythroxylum sechellarum;Lasioglossum mahense;8
Restored;Salazie;5;Sal_5;Erythroxylum sechellarum;0,5286;Erythroxylum sechellarum;Megachile laticeps;3
Restored;Salazie;5;Sal_5;Erythroxylum sechellarum;0,5286;Erythroxylum sechellarum;Xylocopa caffra;2
Restored;Salazie;5;Sal_5;Erythroxylum sechellarum;0,5286;Erythroxylum sechellarum;Apis mellifera;3
Restored;Salazie;5;Sal_5;Erythroxylum sechellarum;0,5286;Erythroxylum sechellarum;Delta alluaudi;2
Restored;Salazie;5;Sal_5;Memecylon elaeagni;0,9286;Memecylon elaeagni;Lasioglossum mahense;2
Restored;Salazie;5;Sal_5;Nephrosperma vanhoutteanum;0,0429;Nephrosperma vanhoutteanum;Dermestidae sp1;33
Restored;Salazie;5;Sal_5;Nephrosperma vanhoutteanum;0,0429;Nephrosperma vanhoutteanum;Rhiparida seychellensis;40
Restored;Salazie;5;Sal_5;Nephrosperma vanhoutteanum;0,0429;Nephrosperma vanhoutteanum;Lasioglossum mahense;42
Restored;Salazie;5;Sal_5;Nephrosperma vanhoutteanum;0,0429;Nephrosperma vanhoutteanum;Megachile seychellensis;2
Restored;Salazie;5;Sal_5;Nephrosperma vanhoutteanum;0,0429;Nephrosperma vanhoutteanum;Forcipomyia (Euprojoannisia) sp1;1
Restored;Salazie;5;Sal_5;Nephrosperma vanhoutteanum;0,0429;Nephrosperma vanhoutteanum;Apis mellifera;8
Restored;Salazie;5;Sal_5;Nephrosperma vanhoutteanum;0,0429;Nephrosperma vanhoutteanum;Dichaetomyia fasciculifera;1
Restored;Salazie;5;Sal_5;Nephrosperma vanhoutteanum;0,0429;Nephrosperma vanhoutteanum;Scaptodrosophila undet sp2;1
Restored;Salazie;5;Sal_5;Paragenipa lancifolia;0,2143;Paragenipa lancifolia;Lasioglossum mahense;11
Restored;Salazie;5;Sal_5;Paragenipa lancifolia;0,2143;Paragenipa lancifolia;Apis mellifera;1
Restored;Salazie;5;Sal_5;Polyscias crassa;0,3000;Polyscias crassa;Lasioglossum mahense;22
Restored;Salazie;5;Sal_5;Polyscias crassa;0,3000;Polyscias crassa;Simosyrphus aegyptius;1
Restored;Salazie;5;Sal_5;Polyscias crassa;0,3000;Polyscias crassa;Chalicodoma disjuncta;1
Restored;Salazie;5;Sal_5;Polyscias crassa;0,3000;Polyscias crassa;Chrysomya megacephala;1
Restored;Salazie;5;Sal_5;Polyscias crassa;0,3000;Polyscias crassa;Apis mellifera;29
Restored;Salazie;5;Sal_5;Polyscias crassa;0,3000;Polyscias crassa;Phelsuma sp;1
Restored;Salazie;5;Sal_5;Polyscias crassa;0,3000;Polyscias crassa;Cinnyris dussumieri;9
Restored;Salazie;5;Sal_5;Polyscias crassa;0,3000;Polyscias crassa;Mabuya seychellensis;1
Restored;Salazie;5;Sal_5;Roscheria melanochaetes;0,6286;Roscheria melanochaetes;Dermestidae sp1;1
Restored;Salazie;5;Sal_5;Roscheria melanochaetes;0,6286;Roscheria melanochaetes;Lasioglossum mahense;1
Restored;Salazie;5;Sal_5;Roscheria melanochaetes;0,6286;Roscheria melanochaetes;Dasyhelea tamsi;2
Restored;Salazie;5;Sal_5;Roscheria melanochaetes;0,6286;Roscheria melanochaetes;Coccinellidae sp1;2
Restored;Salazie;5;Sal_5;Roscheria melanochaetes;0,6286;Roscheria melanochaetes;Apis mellifera;3
Restored;Salazie;5;Sal_5;Roscheria melanochaetes;0,6286;Roscheria melanochaetes;Atrichopogon yamabukiensis;2
Restored;Salazie;5;Sal_5;Roscheria melanochaetes;0,6286;Roscheria melanochaetes;Fannia leucosticta;2
Restored;Salazie;5;Sal_5;Roscheria melanochaetes;0,6286;Roscheria melanochaetes;Ornidia obesa;2
Restored;Salazie;5;Sal_5;Soulamea terminalioides;0,2714;Soulamea terminalioides;Apis mellifera;3
Restored;Salazie;5;Sal_5;Soulamea terminalioides;0,2714;Soulamea terminalioides;Physiphora azurea;1
Restored;Salazie;5;Sal_5;Soulamea terminalioides;0,2714;Soulamea terminalioides;Sciaridae sp1;1
Restored;Salazie;5;Sal_5;Soulamea terminalioides;0,2714;Soulamea terminalioides;Ornidia obesa;2
Restored;Salazie;6;Sal_6;Pyrostria bibracteata;1,7000;Pyrostria bibracteata;Lasioglossum mahense;28
Restored;Salazie;6;Sal_6;Pyrostria bibracteata;1,7000;Pyrostria bibracteata;Hemipyrellia germana;1
Restored;Salazie;6;Sal_6;Pyrostria bibracteata;1,7000;Pyrostria bibracteata;Megachile seychellensis;4
Restored;Salazie;6;Sal_6;Pyrostria bibracteata;1,7000;Pyrostria bibracteata;Hymenoptera sp1;2
Restored;Salazie;6;Sal_6;Pyrostria bibracteata;1,7000;Pyrostria bibracteata;Apis mellifera;22
Restored;Salazie;6;Sal_6;Pyrostria bibracteata;1,7000;Pyrostria bibracteata;Amblypsilopus (?) nr. simplex;1
Restored;Salazie;6;Sal_6;Pyrostria bibracteata;1,7000;Pyrostria bibracteata;Forcipomyia sp2;1
Restored;Salazie;6;Sal_6;Pyrostria bibracteata;1,7000;Pyrostria bibracteata;Delta alluaudi;2
Restored;Salazie;6;Sal_6;Erythroxylum sechellarum;0,6143;Erythroxylum sechellarum;Lasioglossum mahense;49
Restored;Salazie;6;Sal_6;Erythroxylum sechellarum;0,6143;Erythroxylum sechellarum;Megachile seychellensis;1
Restored;Salazie;6;Sal_6;Erythroxylum sechellarum;0,6143;Erythroxylum sechellarum;Megachile laticeps;1
Restored;Salazie;6;Sal_6;Erythroxylum sechellarum;0,6143;Erythroxylum sechellarum;Apis mellifera;22
Restored;Salazie;6;Sal_6;Erythroxylum sechellarum;0,6143;Erythroxylum sechellarum;Dichaetomyia fasciculifera;1
Restored;Salazie;6;Sal_6;Erythroxylum sechellarum;0,6143;Erythroxylum sechellarum;Delta alluaudi;3
Restored;Salazie;6;Sal_6;Erythroxylum sechellarum;0,6143;Erythroxylum sechellarum;Polistes olivaceus;1
Restored;Salazie;6;Sal_6;Nephrosperma vanhoutteanum;0,3714;Nephrosperma vanhoutteanum;Dermestidae sp1;8
Restored;Salazie;6;Sal_6;Nephrosperma vanhoutteanum;0,3714;Nephrosperma vanhoutteanum;Rhiparida seychellensis;15
Restored;Salazie;6;Sal_6;Nephrosperma vanhoutteanum;0,3714;Nephrosperma vanhoutteanum;Lasioglossum mahense;20
Restored;Salazie;6;Sal_6;Nephrosperma vanhoutteanum;0,3714;Nephrosperma vanhoutteanum;Dasyhelea tamsi;4
Restored;Salazie;6;Sal_6;Nephrosperma vanhoutteanum;0,3714;Nephrosperma vanhoutteanum;Hymenoptera sp1;1
Restored;Salazie;6;Sal_6;Nephrosperma vanhoutteanum;0,3714;Nephrosperma vanhoutteanum;Apis mellifera;11
Restored;Salazie;6;Sal_6;Nephrosperma vanhoutteanum;0,3714;Nephrosperma vanhoutteanum;Sciaridae sp1;5
Restored;Salazie;6;Sal_6;Paragenipa lancifolia;0,0429;Paragenipa lancifolia;Lasioglossum mahense;32
Restored;Salazie;6;Sal_6;Paragenipa lancifolia;0,0429;Paragenipa lancifolia;Simosyrphus aegyptius;1
Restored;Salazie;6;Sal_6;Paragenipa lancifolia;0,0429;Paragenipa lancifolia;Apis mellifera;25
Restored;Salazie;6;Sal_6;Paragenipa lancifolia;0,0429;Paragenipa lancifolia;Delta alluaudi;1
Restored;Salazie;6;Sal_6;Polyscias crassa;0,2857;Polyscias crassa;Lasioglossum mahense;6
Restored;Salazie;6;Sal_6;Polyscias crassa;0,2857;Polyscias crassa;Apis mellifera;11
Restored;Salazie;6;Sal_6;Polyscias crassa;0,2857;Polyscias crassa;Phelsuma sp;2
Restored;Salazie;6;Sal_6;Polyscias crassa;0,2857;Polyscias crassa;Chrysomya alpiceps;3
Restored;Salazie;6;Sal_6;Polyscias crassa;0,2857;Polyscias crassa;Cinnyris dussumieri;7
Restored;Salazie;6;Sal_6;Roscheria melanochaetes;0,2143;Roscheria melanochaetes;Musca domestica;3
Restored;Salazie;6;Sal_6;Roscheria melanochaetes;0,2143;Roscheria melanochaetes;Forcipomyia (Euprojoannisia) sp1;7
Restored;Salazie;6;Sal_6;Roscheria melanochaetes;0,2143;Roscheria melanochaetes;Dasyhelea tamsi;1
Restored;Salazie;6;Sal_6;Roscheria melanochaetes;0,2143;Roscheria melanochaetes;Forcipomyia (Thyridomyia) litoraurea;1
Restored;Salazie;6;Sal_6;Roscheria melanochaetes;0,2143;Roscheria melanochaetes;Physiphora azurea;1
Restored;Salazie;7;Sal_7;Erythroxylum sechellarum;0,5857;Erythroxylum sechellarum;Lasioglossum mahense;13
Restored;Salazie;7;Sal_7;Erythroxylum sechellarum;0,5857;Erythroxylum sechellarum;Simosyrphus aegyptius;1
Restored;Salazie;7;Sal_7;Erythroxylum sechellarum;0,5857;Erythroxylum sechellarum;Megachile laticeps;3
Restored;Salazie;7;Sal_7;Erythroxylum sechellarum;0,5857;Erythroxylum sechellarum;Xylocopa caffra;1
Restored;Salazie;7;Sal_7;Erythroxylum sechellarum;0,5857;Erythroxylum sechellarum;Apis mellifera;5
Restored;Salazie;7;Sal_7;Nephrosperma vanhoutteanum;0,8571;Nephrosperma vanhoutteanum;Dermestidae sp1;28
Restored;Salazie;7;Sal_7;Nephrosperma vanhoutteanum;0,8571;Nephrosperma vanhoutteanum;Rhiparida seychellensis;20
Restored;Salazie;7;Sal_7;Nephrosperma vanhoutteanum;0,8571;Nephrosperma vanhoutteanum;Lasioglossum mahense;68
Restored;Salazie;7;Sal_7;Nephrosperma vanhoutteanum;0,8571;Nephrosperma vanhoutteanum;Simosyrphus aegyptius;1
Restored;Salazie;7;Sal_7;Nephrosperma vanhoutteanum;0,8571;Nephrosperma vanhoutteanum;Ephydridae sp1;1
Restored;Salazie;7;Sal_7;Nephrosperma vanhoutteanum;0,8571;Nephrosperma vanhoutteanum;Apis mellifera;12
Restored;Salazie;7;Sal_7;Nephrosperma vanhoutteanum;0,8571;Nephrosperma vanhoutteanum;Phelsuma sp;1
Restored;Salazie;7;Sal_7;Nephrosperma vanhoutteanum;0,8571;Nephrosperma vanhoutteanum;Atrichopogon yamabukiensis;2
Restored;Salazie;7;Sal_7;Nephrosperma vanhoutteanum;0,8571;Nephrosperma vanhoutteanum;Ceratina tabescens;1
Restored;Salazie;7;Sal_7;Nephrosperma vanhoutteanum;0,8571;Nephrosperma vanhoutteanum;Elateridae sp3;1
Restored;Salazie;7;Sal_7;Paragenipa lancifolia;0,2714;Paragenipa lancifolia;Lasioglossum mahense;9
Restored;Salazie;7;Sal_7;Paragenipa lancifolia;0,2714;Paragenipa lancifolia;Geron seychellarum;1
Restored;Salazie;7;Sal_7;Paragenipa lancifolia;0,2714;Paragenipa lancifolia;Cinnyris dussumieri;1
Restored;Salazie;7;Sal_7;Pittosporum senacia subsp. wrightii;0,0714;Pittosporum senacia subsp. wrightii;Lasioglossum mahense;7
Restored;Salazie;7;Sal_7;Pittosporum senacia subsp. wrightii;0,0714;Pittosporum senacia subsp. wrightii;Apis mellifera;7
Restored;Salazie;7;Sal_7;Polyscias crassa;0,2714;Polyscias crassa;Lasioglossum mahense;1
Restored;Salazie;7;Sal_7;Polyscias crassa;0,2714;Polyscias crassa;Apis mellifera;37
Restored;Salazie;7;Sal_7;Polyscias crassa;0,2714;Polyscias crassa;Phelsuma sp;2
Restored;Salazie;7;Sal_7;Polyscias crassa;0,2714;Polyscias crassa;Mabuya seychellensis;1
Restored;Salazie;7;Sal_7;Roscheria melanochaetes;0,5714;Roscheria melanochaetes;Rhiparida seychellensis;2
Restored;Salazie;7;Sal_7;Roscheria melanochaetes;0,5714;Roscheria melanochaetes;Lasioglossum mahense;4
Restored;Salazie;7;Sal_7;Roscheria melanochaetes;0,5714;Roscheria melanochaetes;Chloropidae sp1;1
Restored;Salazie;7;Sal_7;Roscheria melanochaetes;0,5714;Roscheria melanochaetes;Forcipomyia (Thyridomyia) litoraurea;17
Restored;Salazie;7;Sal_7;Roscheria melanochaetes;0,5714;Roscheria melanochaetes;Apis mellifera;12
Restored;Salazie;7;Sal_7;Soulamea terminalioides;0,2429;Soulamea terminalioides;Hemipyrellia germana;2
Restored;Salazie;7;Sal_7;Soulamea terminalioides;0,2429;Soulamea terminalioides;Simosyrphus aegyptius;1
Restored;Salazie;7;Sal_7;Timonius flavescens;0,4429;Timonius flavescens;Mordellidae sp1;1
Restored;Salazie;8;Sal_8;Erythroxylum sechellarum;0,1429;Erythroxylum sechellarum;Lasioglossum mahense;8
Restored;Salazie;8;Sal_8;Erythroxylum sechellarum;0,1429;Erythroxylum sechellarum;Apis mellifera;2
Restored;Salazie;8;Sal_8;Erythroxylum sechellarum;0,1429;Erythroxylum sechellarum;Tricimba seychellensis;4
Restored;Salazie;8;Sal_8;Erythroxylum sechellarum;0,1429;Erythroxylum sechellarum;Cerambycidae sp1;3
Restored;Salazie;8;Sal_8;Erythroxylum sechellarum;0,1429;Erythroxylum sechellarum;Rhynchium brunneum;2
Restored;Salazie;8;Sal_8;Nephrosperma vanhoutteanum;1,0714;Nephrosperma vanhoutteanum;Rhiparida seychellensis;3
Restored;Salazie;8;Sal_8;Nephrosperma vanhoutteanum;1,0714;Nephrosperma vanhoutteanum;Lasioglossum mahense;65
Restored;Salazie;8;Sal_8;Nephrosperma vanhoutteanum;1,0714;Nephrosperma vanhoutteanum;Dasyhelea tamsi;6
Restored;Salazie;8;Sal_8;Nephrosperma vanhoutteanum;1,0714;Nephrosperma vanhoutteanum;Nitidulidae sp1;1
Restored;Salazie;8;Sal_8;Nephrosperma vanhoutteanum;1,0714;Nephrosperma vanhoutteanum;Apis mellifera;26
Restored;Salazie;8;Sal_8;Roscheria melanochaetes;0,6857;Roscheria melanochaetes;Simosyrphus aegyptius;3
Restored;Salazie;8;Sal_8;Roscheria melanochaetes;0,6857;Roscheria melanochaetes;Forcipomyia (Euprojoannisia) sp1;2
Restored;Salazie;8;Sal_8;Roscheria melanochaetes;0,6857;Roscheria melanochaetes;Apis mellifera;2
Restored;Salazie;8;Sal_8;Roscheria melanochaetes;0,6857;Roscheria melanochaetes;Phelsuma sp;1
Restored;Tea Plantation;1;Tea_1;Campnosperma seychellarum;0,0750;Campnosperma seychellarum;Dasyhelea tamsi;1
Restored;Tea Plantation;1;Tea_1;Dillenia ferruginea;0,3375;Dillenia ferruginea;Apis mellifera;10
Restored;Tea Plantation;1;Tea_1;Dillenia ferruginea;0,3375;Dillenia ferruginea;Scolytidae sp2;1
Restored;Tea Plantation;1;Tea_1;Erythroxylum sechellarum;0,1375;Erythroxylum sechellarum;Hasinamelissa sp;13
Restored;Tea Plantation;1;Tea_1;Erythroxylum sechellarum;0,1375;Erythroxylum sechellarum;Lasioglossum mahense;3
Restored;Tea Plantation;1;Tea_1;Erythroxylum sechellarum;0,1375;Erythroxylum sechellarum;Lygistorrhina sp;1
Restored;Tea Plantation;1;Tea_1;Erythroxylum sechellarum;0,1375;Erythroxylum sechellarum;Cratopus aurostriatus;1
Restored;Tea Plantation;1;Tea_1;Erythroxylum sechellarum;0,1375;Erythroxylum sechellarum;Apis mellifera;8
Restored;Tea Plantation;1;Tea_1;Nephrosperma vanhoutteanum;0,1875;Nephrosperma vanhoutteanum;Lasioglossum mahense;11
Restored;Tea Plantation;1;Tea_1;Nephrosperma vanhoutteanum;0,1875;Nephrosperma vanhoutteanum;Forcipomyia (Euprojoannisia) sp1;1
Restored;Tea Plantation;1;Tea_1;Nephrosperma vanhoutteanum;0,1875;Nephrosperma vanhoutteanum;Lygistorrhina sp;4
Restored;Tea Plantation;1;Tea_1;Nephrosperma vanhoutteanum;0,1875;Nephrosperma vanhoutteanum;Dasyhelea tamsi;2
Restored;Tea Plantation;1;Tea_1;Nephrosperma vanhoutteanum;0,1875;Nephrosperma vanhoutteanum;Cratopus aurostriatus;3
Restored;Tea Plantation;1;Tea_1;Nephrosperma vanhoutteanum;0,1875;Nephrosperma vanhoutteanum;Apis mellifera;2
Restored;Tea Plantation;1;Tea_1;Nephrosperma vanhoutteanum;0,1875;Nephrosperma vanhoutteanum;Sciaridae sp1;7
Restored;Tea Plantation;1;Tea_1;Nephrosperma vanhoutteanum;0,1875;Nephrosperma vanhoutteanum;Phelsuma sp;1
Restored;Tea Plantation;1;Tea_1;Nephrosperma vanhoutteanum;0,1875;Nephrosperma vanhoutteanum;Forcipomyia (Microhelea) amieuensis;5
Restored;Tea Plantation;1;Tea_1;Paragenipa lancifolia;0,0500;Paragenipa lancifolia;Apis mellifera;1
Restored;Tea Plantation;1;Tea_1;Paragenipa lancifolia;0,0500;Paragenipa lancifolia;Sciaridae sp1;1
Restored;Tea Plantation;1;Tea_1;Roscheria melanochaetes;0,5625;Roscheria melanochaetes;Lobosciara bilotata;2
Restored;Tea Plantation;1;Tea_1;Roscheria melanochaetes;0,5625;Roscheria melanochaetes;Forcipomyia (Euprojoannisia) sp1;19
Restored;Tea Plantation;1;Tea_1;Roscheria melanochaetes;0,5625;Roscheria melanochaetes;Lygistorrhina sp;1
Restored;Tea Plantation;1;Tea_1;Roscheria melanochaetes;0,5625;Roscheria melanochaetes;Dasyhelea tamsi;4
Restored;Tea Plantation;1;Tea_1;Roscheria melanochaetes;0,5625;Roscheria melanochaetes;Mordellistena coleae;2
Restored;Tea Plantation;1;Tea_1;Roscheria melanochaetes;0,5625;Roscheria melanochaetes;Forcipomyia (Thyridomyia) litoraurea;1
Restored;Tea Plantation;1;Tea_1;Roscheria melanochaetes;0,5625;Roscheria melanochaetes;Sciaridae sp1;7
Restored;Tea Plantation;1;Tea_1;Roscheria melanochaetes;0,5625;Roscheria melanochaetes;Phelsuma sp;1
Restored;Tea Plantation;1;Tea_1;Roscheria melanochaetes;0,5625;Roscheria melanochaetes;Atrichopogon yamabukiensis;2
Restored;Tea Plantation;1;Tea_1;Roscheria melanochaetes;0,5625;Roscheria melanochaetes;Bradysia ocellaris;1
Restored;Tea Plantation;1;Tea_1;Roscheria melanochaetes;0,5625;Roscheria melanochaetes;Pachycerina seychellensis;1
Restored;Tea Plantation;1;Tea_1;Roscheria melanochaetes;0,5625;Roscheria melanochaetes;Forcipomyia (Microhelea) amieuensis;4
Restored;Tea Plantation;1;Tea_1;Soulamea terminalioides;0,3500;Soulamea terminalioides;Forcipomyia (Euprojoannisia) sp1;4
Restored;Tea Plantation;1;Tea_1;Soulamea terminalioides;0,3500;Soulamea terminalioides;Physiphora azurea;1
Restored;Tea Plantation;2;Tea_2;Dillenia ferruginea;0,1750;Dillenia ferruginea;Lasioglossum mahense;10
Restored;Tea Plantation;2;Tea_2;Dillenia ferruginea;0,1750;Dillenia ferruginea;Apis mellifera;27
Restored;Tea Plantation;2;Tea_2;Erythroxylum sechellarum;0,3250;Erythroxylum sechellarum;Lasioglossum mahense;6
Restored;Tea Plantation;2;Tea_2;Erythroxylum sechellarum;0,3250;Erythroxylum sechellarum;Lygistorrhina sp;8
Restored;Tea Plantation;2;Tea_2;Erythroxylum sechellarum;0,3250;Erythroxylum sechellarum;Apis mellifera;4
Restored;Tea Plantation;2;Tea_2;Memecylon elaeagni;0,4000;Memecylon elaeagni;Lasioglossum mahense;6
Restored;Tea Plantation;2;Tea_2;Memecylon elaeagni;0,4000;Memecylon elaeagni;Simosyrphus aegyptius;1
Restored;Tea Plantation;2;Tea_2;Nepenthes pervillei;0,6125;Nepenthes pervillei;Musca domestica;1
Restored;Tea Plantation;2;Tea_2;Nepenthes pervillei;0,6125;Nepenthes pervillei;Parasarcophaga hirticeps;3
Restored;Tea Plantation;2;Tea_2;Nepenthes pervillei;0,6125;Nepenthes pervillei;Hemipyrellia germana;1
Restored;Tea Plantation;2;Tea_2;Nepenthes pervillei;0,6125;Nepenthes pervillei;Simosyrphus aegyptius;1
Restored;Tea Plantation;2;Tea_2;Nepenthes pervillei;0,6125;Nepenthes pervillei;Lygistorrhina sp;2
Restored;Tea Plantation;2;Tea_2;Nepenthes pervillei;0,6125;Nepenthes pervillei;Bradysia ocellaris;1
Restored;Tea Plantation;2;Tea_2;Nephrosperma vanhoutteanum;0,1750;Nephrosperma vanhoutteanum;Dermestidae sp1;9
Restored;Tea Plantation;2;Tea_2;Nephrosperma vanhoutteanum;0,1750;Nephrosperma vanhoutteanum;Rhiparida seychellensis;6
Restored;Tea Plantation;2;Tea_2;Nephrosperma vanhoutteanum;0,1750;Nephrosperma vanhoutteanum;Lobosciara bilotata;1
Restored;Tea Plantation;2;Tea_2;Nephrosperma vanhoutteanum;0,1750;Nephrosperma vanhoutteanum;Lasioglossum mahense;14
Restored;Tea Plantation;2;Tea_2;Nephrosperma vanhoutteanum;0,1750;Nephrosperma vanhoutteanum;Lygistorrhina sp;14
Restored;Tea Plantation;2;Tea_2;Nephrosperma vanhoutteanum;0,1750;Nephrosperma vanhoutteanum;Cratopus aurostriatus;2
Restored;Tea Plantation;2;Tea_2;Nephrosperma vanhoutteanum;0,1750;Nephrosperma vanhoutteanum;Apis mellifera;20
Restored;Tea Plantation;2;Tea_2;Nephrosperma vanhoutteanum;0,1750;Nephrosperma vanhoutteanum;Phelsuma sp;1
Restored;Tea Plantation;2;Tea_2;Nephrosperma vanhoutteanum;0,1750;Nephrosperma vanhoutteanum;Thripomorpha rufithorax;1
Restored;Tea Plantation;2;Tea_2;Nephrosperma vanhoutteanum;0,1750;Nephrosperma vanhoutteanum;Forcipomyia (Microhelea) amieuensis;1
Restored;Tea Plantation;2;Tea_2;Paragenipa lancifolia;0,3750;Paragenipa lancifolia;Lasioglossum mahense;4
Restored;Tea Plantation;2;Tea_2;Paragenipa lancifolia;0,3750;Paragenipa lancifolia;Cephonodes tamsi;2
Restored;Tea Plantation;2;Tea_2;Paragenipa lancifolia;0,3750;Paragenipa lancifolia;Apis mellifera;3
Restored;Tea Plantation;2;Tea_2;Paragenipa lancifolia;0,3750;Paragenipa lancifolia;Polistes olivaceus;1
Restored;Tea Plantation;2;Tea_2;Roscheria melanochaetes;1,3250;Roscheria melanochaetes;Forcipomyia (Euprojoannisia) sp1;1
Restored;Tea Plantation;2;Tea_2;Roscheria melanochaetes;1,3250;Roscheria melanochaetes;Dasyhelea tamsi;3
Restored;Tea Plantation;2;Tea_2;Roscheria melanochaetes;1,3250;Roscheria melanochaetes;Bradysia ocellaris;1
Restored;Tea Plantation;2;Tea_2;Roscheria melanochaetes;1,3250;Roscheria melanochaetes;Forcipomyia (Microhelea) amieuensis;2
Restored;Tea Plantation;2;Tea_2;Soulamea terminalioides;0,1500;Soulamea terminalioides;Lobosciara bilotata;1
Restored;Tea Plantation;2;Tea_2;Soulamea terminalioides;0,1500;Soulamea terminalioides;Lasioglossum mahense;1
Restored;Tea Plantation;3;Tea_3;Campnosperma seychellarum;0,3125;Campnosperma seychellarum;Hemipyrellia germana;1
Restored;Tea Plantation;3;Tea_3;Campnosperma seychellarum;0,3125;Campnosperma seychellarum;Lygistorrhina sp;1
Restored;Tea Plantation;3;Tea_3;Campnosperma seychellarum;0,3125;Campnosperma seychellarum;Apis mellifera;4
Restored;Tea Plantation;3;Tea_3;Campnosperma seychellarum;0,3125;Campnosperma seychellarum;Amblypsilopus (?) nr. simplex;1
Restored;Tea Plantation;3;Tea_3;Campnosperma seychellarum;0,3125;Campnosperma seychellarum;Dolichopodidae sp1;2
Restored;Tea Plantation;3;Tea_3;Campnosperma seychellarum;0,3125;Campnosperma seychellarum;Dichaetomyia fasciculifera;1
Restored;Tea Plantation;3;Tea_3;Campnosperma seychellarum;0,3125;Campnosperma seychellarum;Forcipomyia (Microhelea) amieuensis;1
Restored;Tea Plantation;3;Tea_3;Dillenia ferruginea;0,2875;Dillenia ferruginea;Rhiparida seychellensis;1
Restored;Tea Plantation;3;Tea_3;Dillenia ferruginea;0,2875;Dillenia ferruginea;Lasioglossum mahense;8
Restored;Tea Plantation;3;Tea_3;Dillenia ferruginea;0,2875;Dillenia ferruginea;Hemipyrellia germana;1
Restored;Tea Plantation;3;Tea_3;Dillenia ferruginea;0,2875;Dillenia ferruginea;near Eurycratus sp1;1
Restored;Tea Plantation;3;Tea_3;Dillenia ferruginea;0,2875;Dillenia ferruginea;Cratopus aurostriatus;1
Restored;Tea Plantation;3;Tea_3;Dillenia ferruginea;0,2875;Dillenia ferruginea;Apis mellifera;8
Restored;Tea Plantation;3;Tea_3;Dillenia ferruginea;0,2875;Dillenia ferruginea;Cryptophagidae sp1;1
Restored;Tea Plantation;3;Tea_3;Dillenia ferruginea;0,2875;Dillenia ferruginea;Staphylinidae sp1;3
Restored;Tea Plantation;3;Tea_3;Dillenia ferruginea;0,2875;Dillenia ferruginea;Rhopalum seychellense;1
Restored;Tea Plantation;3;Tea_3;Dillenia ferruginea;0,2875;Dillenia ferruginea;Pachycerina seychellensis;1
Restored;Tea Plantation;3;Tea_3;Erythroxylum sechellarum;0,3750;Erythroxylum sechellarum;Hasinamelissa sp;10
Restored;Tea Plantation;3;Tea_3;Erythroxylum sechellarum;0,3750;Erythroxylum sechellarum;Lasioglossum mahense;11
Restored;Tea Plantation;3;Tea_3;Erythroxylum sechellarum;0,3750;Erythroxylum sechellarum;Xylocopa caffra;1
Restored;Tea Plantation;3;Tea_3;Erythroxylum sechellarum;0,3750;Erythroxylum sechellarum;Apis mellifera;6
Restored;Tea Plantation;3;Tea_3;Erythroxylum sechellarum;0,3750;Erythroxylum sechellarum;Chironomus sp;1
Restored;Tea Plantation;3;Tea_3;Erythroxylum sechellarum;0,3750;Erythroxylum sechellarum;Forcipomyia (Microhelea) amieuensis;1
Restored;Tea Plantation;3;Tea_3;Memecylon elaeagni;0,1125;Memecylon elaeagni;Lasioglossum mahense;19
Restored;Tea Plantation;3;Tea_3;Memecylon elaeagni;0,1125;Memecylon elaeagni;Simosyrphus aegyptius;1
Restored;Tea Plantation;3;Tea_3;Memecylon elaeagni;0,1125;Memecylon elaeagni;Apis mellifera;10
Restored;Tea Plantation;3;Tea_3;Nepenthes pervillei;1,2500;Nepenthes pervillei;Parasarcophaga hirticeps;1
Restored;Tea Plantation;3;Tea_3;Nepenthes pervillei;1,2500;Nepenthes pervillei;Hemipyrellia germana;3
Restored;Tea Plantation;3;Tea_3;Nepenthes pervillei;1,2500;Nepenthes pervillei;Amblypsilopus (?) nr. simplex;2
Restored;Tea Plantation;3;Tea_3;Nepenthes pervillei;1,2500;Nepenthes pervillei;Phelsuma sp;1
Restored;Tea Plantation;3;Tea_3;Nepenthes pervillei;1,2500;Nepenthes pervillei;Chalybion madecassum;1
Restored;Tea Plantation;3;Tea_3;Nephrosperma vanhoutteanum;0,1375;Nephrosperma vanhoutteanum;Musca domestica;1
Restored;Tea Plantation;3;Tea_3;Nephrosperma vanhoutteanum;0,1375;Nephrosperma vanhoutteanum;Dermestidae sp1;1
Restored;Tea Plantation;3;Tea_3;Nephrosperma vanhoutteanum;0,1375;Nephrosperma vanhoutteanum;Rhiparida seychellensis;9
Restored;Tea Plantation;3;Tea_3;Nephrosperma vanhoutteanum;0,1375;Nephrosperma vanhoutteanum;Lasioglossum mahense;38
Restored;Tea Plantation;3;Tea_3;Nephrosperma vanhoutteanum;0,1375;Nephrosperma vanhoutteanum;Forcipomyia (Euprojoannisia) sp1;10
Restored;Tea Plantation;3;Tea_3;Nephrosperma vanhoutteanum;0,1375;Nephrosperma vanhoutteanum;Lygistorrhina sp;9
Restored;Tea Plantation;3;Tea_3;Nephrosperma vanhoutteanum;0,1375;Nephrosperma vanhoutteanum;Cossonini sp1;1
Restored;Tea Plantation;3;Tea_3;Nephrosperma vanhoutteanum;0,1375;Nephrosperma vanhoutteanum;Apis mellifera;9
Restored;Tea Plantation;3;Tea_3;Nephrosperma vanhoutteanum;0,1375;Nephrosperma vanhoutteanum;Sciaridae sp1;3
Restored;Tea Plantation;3;Tea_3;Nephrosperma vanhoutteanum;0,1375;Nephrosperma vanhoutteanum;Atrichopogon yamabukiensis;1
Restored;Tea Plantation;3;Tea_3;Nephrosperma vanhoutteanum;0,1375;Nephrosperma vanhoutteanum;Scaptodrosophila undet sp1;3
Restored;Tea Plantation;3;Tea_3;Nephrosperma vanhoutteanum;0,1375;Nephrosperma vanhoutteanum;Scaptodrosophila undet sp2;1
Restored;Tea Plantation;3;Tea_3;Nephrosperma vanhoutteanum;0,1375;Nephrosperma vanhoutteanum;Forcipomyia (Microhelea) amieuensis;1
Restored;Tea Plantation;3;Tea_3;Paragenipa lancifolia;0,1250;Paragenipa lancifolia;Lasioglossum mahense;24
Restored;Tea Plantation;3;Tea_3;Paragenipa lancifolia;0,1250;Paragenipa lancifolia;Apis mellifera;13
Restored;Tea Plantation;3;Tea_3;Paragenipa lancifolia;0,1250;Paragenipa lancifolia;Atrichopogon yamabukiensis;1
Restored;Tea Plantation;3;Tea_3;Paragenipa lancifolia;0,1250;Paragenipa lancifolia;Cinnyris dussumieri;1
Restored;Tea Plantation;3;Tea_3;Paragenipa lancifolia;0,1250;Paragenipa lancifolia;Forcipomyia (Microhelea) amieuensis;1
Restored;Tea Plantation;3;Tea_3;Roscheria melanochaetes;1,7750;Roscheria melanochaetes;Dermestidae sp1;1
Restored;Tea Plantation;3;Tea_3;Roscheria melanochaetes;1,7750;Roscheria melanochaetes;Lasioglossum mahense;10
Restored;Tea Plantation;3;Tea_3;Roscheria melanochaetes;1,7750;Roscheria melanochaetes;Lygistorrhina sp;1
Restored;Tea Plantation;3;Tea_3;Roscheria melanochaetes;1,7750;Roscheria melanochaetes;Nitidulidae sp1;1
Restored;Tea Plantation;3;Tea_3;Roscheria melanochaetes;1,7750;Roscheria melanochaetes;Cecidomyiidae sp1;1
Restored;Tea Plantation;3;Tea_3;Roscheria melanochaetes;1,7750;Roscheria melanochaetes;Bradysia ocellaris;1
Restored;Tea Plantation;3;Tea_3;Roscheria melanochaetes;1,7750;Roscheria melanochaetes;Forcipomyia (Microhelea) amieuensis;1
Restored;Tea Plantation;3;Tea_3;Timonius flavescens;0,2625;Timonius flavescens;Lasioglossum mahense;1
Restored;Tea Plantation;3;Tea_3;Timonius flavescens;0,2625;Timonius flavescens;Simosyrphus aegyptius;2
Restored;Tea Plantation;3;Tea_3;Timonius flavescens;0,2625;Timonius flavescens;Xylocopa caffra;2
Restored;Tea Plantation;3;Tea_3;Timonius flavescens;0,2625;Timonius flavescens;Apis mellifera;10
Restored;Tea Plantation;4;Tea_4;Campnosperma seychellarum;0,0375;Campnosperma seychellarum;Forcipomyia (Euprojoannisia) sp1;1
Restored;Tea Plantation;4;Tea_4;Campnosperma seychellarum;0,0375;Campnosperma seychellarum;Scaptodrosophila undet sp1;1
Restored;Tea Plantation;4;Tea_4;Dillenia ferruginea;0,3375;Dillenia ferruginea;Musca domestica;1
Restored;Tea Plantation;4;Tea_4;Dillenia ferruginea;0,3375;Dillenia ferruginea;Lasioglossum mahense;8
Restored;Tea Plantation;4;Tea_4;Dillenia ferruginea;0,3375;Dillenia ferruginea;Cratopus aurostriatus;1
Restored;Tea Plantation;4;Tea_4;Dillenia ferruginea;0,3375;Dillenia ferruginea;Apis mellifera;14
Restored;Tea Plantation;4;Tea_4;Dillenia ferruginea;0,3375;Dillenia ferruginea;Ornidia obesa;1
Restored;Tea Plantation;4;Tea_4;Erythroxylum sechellarum;0,2250;Erythroxylum sechellarum;Lasioglossum mahense;8
Restored;Tea Plantation;4;Tea_4;Erythroxylum sechellarum;0,2250;Erythroxylum sechellarum;Simosyrphus aegyptius;1
Restored;Tea Plantation;4;Tea_4;Erythroxylum sechellarum;0,2250;Erythroxylum sechellarum;Dasyhelea tamsi;1
Restored;Tea Plantation;4;Tea_4;Erythroxylum sechellarum;0,2250;Erythroxylum sechellarum;Cratopus aurostriatus;1
Restored;Tea Plantation;4;Tea_4;Erythroxylum sechellarum;0,2250;Erythroxylum sechellarum;Apis mellifera;7
Restored;Tea Plantation;4;Tea_4;Erythroxylum sechellarum;0,2250;Erythroxylum sechellarum;Delta alluaudi;4
Restored;Tea Plantation;4;Tea_4;Erythroxylum sechellarum;0,2250;Erythroxylum sechellarum;Forcipomyia (Microhelea) amieuensis;1
Restored;Tea Plantation;4;Tea_4;Ixora pudica;0,4000;Ixora pudica;Simosyrphus aegyptius;1
Restored;Tea Plantation;4;Tea_4;Ixora pudica;0,4000;Ixora pudica;Apis mellifera;2
Restored;Tea Plantation;4;Tea_4;Ixora pudica;0,4000;Ixora pudica;Chalybion madecassum;1
Restored;Tea Plantation;4;Tea_4;Memecylon elaeagni;0,5875;Memecylon elaeagni;Lasioglossum mahense;7
Restored;Tea Plantation;4;Tea_4;Memecylon elaeagni;0,5875;Memecylon elaeagni;Simosyrphus aegyptius;2
Restored;Tea Plantation;4;Tea_4;Memecylon elaeagni;0,5875;Memecylon elaeagni;Apis mellifera;9
Restored;Tea Plantation;4;Tea_4;Memecylon elaeagni;0,5875;Memecylon elaeagni;Forcipomyia (Microhelea) amieuensis;1
Restored;Tea Plantation;4;Tea_4;Nepenthes pervillei;1,6625;Nepenthes pervillei;Parasarcophaga hirticeps;2
Restored;Tea Plantation;4;Tea_4;Nepenthes pervillei;1,6625;Nepenthes pervillei;Ornidia obesa;2
Restored;Tea Plantation;4;Tea_4;Nephrosperma vanhoutteanum;0,9125;Nephrosperma vanhoutteanum;Rhiparida seychellensis;8
Restored;Tea Plantation;4;Tea_4;Nephrosperma vanhoutteanum;0,9125;Nephrosperma vanhoutteanum;Lasioglossum mahense;39
Restored;Tea Plantation;4;Tea_4;Nephrosperma vanhoutteanum;0,9125;Nephrosperma vanhoutteanum;Hemipyrellia germana;6
Restored;Tea Plantation;4;Tea_4;Nephrosperma vanhoutteanum;0,9125;Nephrosperma vanhoutteanum;Forcipomyia (Euprojoannisia) sp1;2
Restored;Tea Plantation;4;Tea_4;Nephrosperma vanhoutteanum;0,9125;Nephrosperma vanhoutteanum;Cratopus aurostriatus;5
Restored;Tea Plantation;4;Tea_4;Nephrosperma vanhoutteanum;0,9125;Nephrosperma vanhoutteanum;Apis mellifera;26
Restored;Tea Plantation;4;Tea_4;Nephrosperma vanhoutteanum;0,9125;Nephrosperma vanhoutteanum;Amblypsilopus (?) nr. simplex;2
Restored;Tea Plantation;4;Tea_4;Nephrosperma vanhoutteanum;0,9125;Nephrosperma vanhoutteanum;Sciaridae sp1;1
Restored;Tea Plantation;4;Tea_4;Nephrosperma vanhoutteanum;0,9125;Nephrosperma vanhoutteanum;Forcipomyia (Microhelea) amieuensis;4
Restored;Tea Plantation;4;Tea_4;Roscheria melanochaetes;0,6500;Roscheria melanochaetes;Rhiparida seychellensis;1
Restored;Tea Plantation;4;Tea_4;Roscheria melanochaetes;0,6500;Roscheria melanochaetes;Forcipomyia (Euprojoannisia) sp1;3
Restored;Tea Plantation;4;Tea_4;Roscheria melanochaetes;0,6500;Roscheria melanochaetes;Cardiophorus sp1;2
Restored;Tea Plantation;4;Tea_4;Roscheria melanochaetes;0,6500;Roscheria melanochaetes;Forcipomyia (Thyridomyia) litoraurea;5
Restored;Tea Plantation;4;Tea_4;Roscheria melanochaetes;0,6500;Roscheria melanochaetes;Atrichopogon yamabukiensis;3
Restored;Tea Plantation;4;Tea_4;Roscheria melanochaetes;0,6500;Roscheria melanochaetes;Cecidomyiidae sp1;3
Restored;Tea Plantation;4;Tea_4;Roscheria melanochaetes;0,6500;Roscheria melanochaetes;Bradysia ocellaris;1
Restored;Tea Plantation;4;Tea_4;Soulamea terminalioides;0,1625;Soulamea terminalioides;Musca domestica;1
Restored;Tea Plantation;4;Tea_4;Soulamea terminalioides;0,1625;Soulamea terminalioides;Lasioglossum mahense;2
Restored;Tea Plantation;4;Tea_4;Soulamea terminalioides;0,1625;Soulamea terminalioides;Scaptodrosophila undet sp1;2
Restored;Tea Plantation;5;Tea_5;Dillenia ferruginea;0,2250;Dillenia ferruginea;Lasioglossum mahense;1
Restored;Tea Plantation;5;Tea_5;Dillenia ferruginea;0,2250;Dillenia ferruginea;Apis mellifera;16
Restored;Tea Plantation;5;Tea_5;Dillenia ferruginea;0,2250;Dillenia ferruginea;Dichaetomyia fasciculifera;1
Restored;Tea Plantation;5;Tea_5;Dillenia ferruginea;0,2250;Dillenia ferruginea;Ornidia obesa;1
Restored;Tea Plantation;5;Tea_5;Erythroxylum sechellarum;0,3375;Erythroxylum sechellarum;Lasioglossum mahense;32
Restored;Tea Plantation;5;Tea_5;Erythroxylum sechellarum;0,3375;Erythroxylum sechellarum;Xylocopa caffra;1
Restored;Tea Plantation;5;Tea_5;Erythroxylum sechellarum;0,3375;Erythroxylum sechellarum;Apis mellifera;7
Restored;Tea Plantation;5;Tea_5;Erythroxylum sechellarum;0,3375;Erythroxylum sechellarum;Delta alluaudi;4
Restored;Tea Plantation;5;Tea_5;Memecylon elaeagni;0,1875;Memecylon elaeagni;Lasioglossum mahense;4
Restored;Tea Plantation;5;Tea_5;Memecylon elaeagni;0,1875;Memecylon elaeagni;Simosyrphus aegyptius;2
Restored;Tea Plantation;5;Tea_5;Memecylon elaeagni;0,1875;Memecylon elaeagni;Apis mellifera;5
Restored;Tea Plantation;5;Tea_5;Nephrosperma vanhoutteanum;0,1875;Nephrosperma vanhoutteanum;Dermestidae sp1;15
Restored;Tea Plantation;5;Tea_5;Nephrosperma vanhoutteanum;0,1875;Nephrosperma vanhoutteanum;Rhiparida seychellensis;4
Restored;Tea Plantation;5;Tea_5;Nephrosperma vanhoutteanum;0,1875;Nephrosperma vanhoutteanum;Lobosciara bilotata;1
Restored;Tea Plantation;5;Tea_5;Nephrosperma vanhoutteanum;0,1875;Nephrosperma vanhoutteanum;Lasioglossum mahense;58
Restored;Tea Plantation;5;Tea_5;Nephrosperma vanhoutteanum;0,1875;Nephrosperma vanhoutteanum;Megachile seychellensis;1
Restored;Tea Plantation;5;Tea_5;Nephrosperma vanhoutteanum;0,1875;Nephrosperma vanhoutteanum;Lygistorrhina sp;2
Restored;Tea Plantation;5;Tea_5;Nephrosperma vanhoutteanum;0,1875;Nephrosperma vanhoutteanum;Dasyhelea tamsi;7
Restored;Tea Plantation;5;Tea_5;Nephrosperma vanhoutteanum;0,1875;Nephrosperma vanhoutteanum;Nitidulidae sp1;1
Restored;Tea Plantation;5;Tea_5;Nephrosperma vanhoutteanum;0,1875;Nephrosperma vanhoutteanum;Cratopus aurostriatus;3
Restored;Tea Plantation;5;Tea_5;Nephrosperma vanhoutteanum;0,1875;Nephrosperma vanhoutteanum;Chrysomya megacephala;4
Restored;Tea Plantation;5;Tea_5;Nephrosperma vanhoutteanum;0,1875;Nephrosperma vanhoutteanum;Apis mellifera;53
Restored;Tea Plantation;5;Tea_5;Paragenipa lancifolia;0,1125;Paragenipa lancifolia;Lasioglossum mahense;12
Restored;Tea Plantation;5;Tea_5;Paragenipa lancifolia;0,1125;Paragenipa lancifolia;Apis mellifera;2
Restored;Tea Plantation;5;Tea_5;Psychotria pervillei;0,0875;Psychotria pervillei;Lasioglossum mahense;5
Restored;Tea Plantation;5;Tea_5;Psychotria pervillei;0,0875;Psychotria pervillei;Apis mellifera;2
Restored;Tea Plantation;5;Tea_5;Psychotria pervillei;0,0875;Psychotria pervillei;Delta alluaudi;14
Restored;Tea Plantation;5;Tea_5;Roscheria melanochaetes;0,8250;Roscheria melanochaetes;Forcipomyia (Euprojoannisia) sp1;1
Restored;Tea Plantation;5;Tea_5;Soulamea terminalioides;0,1125;Soulamea terminalioides;Chrysomya megacephala;1
Restored;Tea Plantation;5;Tea_5;Soulamea terminalioides;0,1125;Soulamea terminalioides;Apis mellifera;1
Restored;Tea Plantation;5;Tea_5;Soulamea terminalioides;0,1125;Soulamea terminalioides;Delta alluaudi;1
Restored;Tea Plantation;6;Tea_6;Campnosperma seychellarum;0,2250;Campnosperma seychellarum;Rhiparida seychellensis;2
Restored;Tea Plantation;6;Tea_6;Campnosperma seychellarum;0,2250;Campnosperma seychellarum;Lasioglossum mahense;2
Restored;Tea Plantation;6;Tea_6;Campnosperma seychellarum;0,2250;Campnosperma seychellarum;Forcipomyia (Euprojoannisia) sp1;1
Restored;Tea Plantation;6;Tea_6;Campnosperma seychellarum;0,2250;Campnosperma seychellarum;Dasyhelea tamsi;7
Restored;Tea Plantation;6;Tea_6;Campnosperma seychellarum;0,2250;Campnosperma seychellarum;Apis mellifera;1
Restored;Tea Plantation;6;Tea_6;Campnosperma seychellarum;0,2250;Campnosperma seychellarum;Forcipomyia (Microhelea) amieuensis;1
Restored;Tea Plantation;6;Tea_6;Pyrostria bibracteata;0,2375;Pyrostria bibracteata;Lasioglossum mahense;8
Restored;Tea Plantation;6;Tea_6;Pyrostria bibracteata;0,2375;Pyrostria bibracteata;Hemipyrellia germana;1
Restored;Tea Plantation;6;Tea_6;Pyrostria bibracteata;0,2375;Pyrostria bibracteata;Apis mellifera;16
Restored;Tea Plantation;6;Tea_6;Pyrostria bibracteata;0,2375;Pyrostria bibracteata;Delta alluaudi;3
Restored;Tea Plantation;6;Tea_6;Pyrostria bibracteata;0,2375;Pyrostria bibracteata;Ornidia obesa;1
Restored;Tea Plantation;6;Tea_6;Dillenia ferruginea;0,5250;Dillenia ferruginea;Lasioglossum mahense;2
Restored;Tea Plantation;6;Tea_6;Dillenia ferruginea;0,5250;Dillenia ferruginea;near Eurycratus sp1;4
Restored;Tea Plantation;6;Tea_6;Dillenia ferruginea;0,5250;Dillenia ferruginea;Cratopus aurostriatus;2
Restored;Tea Plantation;6;Tea_6;Dillenia ferruginea;0,5250;Dillenia ferruginea;Apis mellifera;15
Restored;Tea Plantation;6;Tea_6;Dillenia ferruginea;0,5250;Dillenia ferruginea;Amblypsilopus (?) nr. simplex;1
Restored;Tea Plantation;6;Tea_6;Dillenia ferruginea;0,5250;Dillenia ferruginea;Staphylinidae sp1;1
Restored;Tea Plantation;6;Tea_6;Dillenia ferruginea;0,5250;Dillenia ferruginea;Ornidia obesa;1
Restored;Tea Plantation;6;Tea_6;Dillenia ferruginea;0,5250;Dillenia ferruginea;Cinnyris dussumieri;1
Restored;Tea Plantation;6;Tea_6;Erythroxylum sechellarum;0,7500;Erythroxylum sechellarum;Lasioglossum mahense;23
Restored;Tea Plantation;6;Tea_6;Erythroxylum sechellarum;0,7500;Erythroxylum sechellarum;Apis mellifera;22
Restored;Tea Plantation;6;Tea_6;Erythroxylum sechellarum;0,7500;Erythroxylum sechellarum;Delta alluaudi;8
Restored;Tea Plantation;6;Tea_6;Erythroxylum sechellarum;0,7500;Erythroxylum sechellarum;Chalybion madecassum;1
Restored;Tea Plantation;6;Tea_6;Nephrosperma vanhoutteanum;0,5250;Nephrosperma vanhoutteanum;Musca domestica;1
Restored;Tea Plantation;6;Tea_6;Nephrosperma vanhoutteanum;0,5250;Nephrosperma vanhoutteanum;Dermestidae sp1;17
Restored;Tea Plantation;6;Tea_6;Nephrosperma vanhoutteanum;0,5250;Nephrosperma vanhoutteanum;Rhiparida seychellensis;18
Restored;Tea Plantation;6;Tea_6;Nephrosperma vanhoutteanum;0,5250;Nephrosperma vanhoutteanum;Lasioglossum mahense;41
Restored;Tea Plantation;6;Tea_6;Nephrosperma vanhoutteanum;0,5250;Nephrosperma vanhoutteanum;Hemipyrellia germana;3
Restored;Tea Plantation;6;Tea_6;Nephrosperma vanhoutteanum;0,5250;Nephrosperma vanhoutteanum;Megachile seychellensis;1
Restored;Tea Plantation;6;Tea_6;Nephrosperma vanhoutteanum;0,5250;Nephrosperma vanhoutteanum;Forcipomyia (Euprojoannisia) sp1;5
Restored;Tea Plantation;6;Tea_6;Nephrosperma vanhoutteanum;0,5250;Nephrosperma vanhoutteanum;Dasyhelea tamsi;3
Restored;Tea Plantation;6;Tea_6;Nephrosperma vanhoutteanum;0,5250;Nephrosperma vanhoutteanum;Cratopus aurostriatus;3
Restored;Tea Plantation;6;Tea_6;Nephrosperma vanhoutteanum;0,5250;Nephrosperma vanhoutteanum;Chrysomya megacephala;3
Restored;Tea Plantation;6;Tea_6;Nephrosperma vanhoutteanum;0,5250;Nephrosperma vanhoutteanum;Cossonini sp1;3
Restored;Tea Plantation;6;Tea_6;Nephrosperma vanhoutteanum;0,5250;Nephrosperma vanhoutteanum;Apis mellifera;39
Restored;Tea Plantation;6;Tea_6;Nephrosperma vanhoutteanum;0,5250;Nephrosperma vanhoutteanum;Hapalips sp1;1
Restored;Tea Plantation;6;Tea_6;Nephrosperma vanhoutteanum;0,5250;Nephrosperma vanhoutteanum;Scaptodrosophila undet sp1;1
Restored;Tea Plantation;6;Tea_6;Nephrosperma vanhoutteanum;0,5250;Nephrosperma vanhoutteanum;Polistes olivaceus;1
Restored;Tea Plantation;6;Tea_6;Paragenipa lancifolia;0,3125;Paragenipa lancifolia;Lasioglossum mahense;25
Restored;Tea Plantation;6;Tea_6;Paragenipa lancifolia;0,3125;Paragenipa lancifolia;Xylocopa caffra;2
Restored;Tea Plantation;6;Tea_6;Paragenipa lancifolia;0,3125;Paragenipa lancifolia;Apis mellifera;18
Restored;Tea Plantation;6;Tea_6;Paragenipa lancifolia;0,3125;Paragenipa lancifolia;Cinnyris dussumieri;1
Restored;Tea Plantation;6;Tea_6;Paragenipa lancifolia;0,3125;Paragenipa lancifolia;Forcipomyia (Microhelea) amieuensis;1
Restored;Tea Plantation;6;Tea_6;Psychotria pervillei;0,0500;Psychotria pervillei;Lasioglossum mahense;6
Restored;Tea Plantation;6;Tea_6;Psychotria pervillei;0,0500;Psychotria pervillei;Apis mellifera;2
Restored;Tea Plantation;6;Tea_6;Psychotria pervillei;0,0500;Psychotria pervillei;Phelsuma sp;1
Restored;Tea Plantation;6;Tea_6;Psychotria pervillei;0,0500;Psychotria pervillei;Delta alluaudi;12
Restored;Tea Plantation;6;Tea_6;Psychotria pervillei;0,0500;Psychotria pervillei;Ornidia obesa;1
Restored;Tea Plantation;6;Tea_6;Psychotria pervillei;0,0500;Psychotria pervillei;Cinnyris dussumieri;1
Restored;Tea Plantation;6;Tea_6;Roscheria melanochaetes;0,0125;Roscheria melanochaetes;Forcipomyia (Euprojoannisia) sp1;11
Restored;Tea Plantation;6;Tea_6;Roscheria melanochaetes;0,0125;Roscheria melanochaetes;Dasyhelea tamsi;4
Restored;Tea Plantation;6;Tea_6;Roscheria melanochaetes;0,0125;Roscheria melanochaetes;Mordellistena coleae;1
Restored;Tea Plantation;6;Tea_6;Roscheria melanochaetes;0,0125;Roscheria melanochaetes;Chrysomya megacephala;3
Restored;Tea Plantation;6;Tea_6;Roscheria melanochaetes;0,0125;Roscheria melanochaetes;Apis mellifera;2
Restored;Tea Plantation;6;Tea_6;Roscheria melanochaetes;0,0125;Roscheria melanochaetes;Cecidomyiidae sp1;2
Restored;Tea Plantation;7;Tea_7;Campnosperma seychellarum;0,0625;Campnosperma seychellarum;Lasioglossum mahense;5
Restored;Tea Plantation;7;Tea_7;Campnosperma seychellarum;0,0625;Campnosperma seychellarum;Hemipyrellia germana;3
Restored;Tea Plantation;7;Tea_7;Campnosperma seychellarum;0,0625;Campnosperma seychellarum;Simosyrphus aegyptius;1
Restored;Tea Plantation;7;Tea_7;Campnosperma seychellarum;0,0625;Campnosperma seychellarum;Apis mellifera;3
Restored;Tea Plantation;7;Tea_7;Campnosperma seychellarum;0,0625;Campnosperma seychellarum;Ornidia obesa;1
Restored;Tea Plantation;7;Tea_7;Dillenia ferruginea;0,3125;Dillenia ferruginea;Lasioglossum mahense;1
Restored;Tea Plantation;7;Tea_7;Dillenia ferruginea;0,3125;Dillenia ferruginea;Apis mellifera;16
Restored;Tea Plantation;7;Tea_7;Dillenia ferruginea;0,3125;Dillenia ferruginea;Ornidia obesa;4
Restored;Tea Plantation;7;Tea_7;Dillenia ferruginea;0,3125;Dillenia ferruginea;Cinnyris dussumieri;1
Restored;Tea Plantation;7;Tea_7;Erythroxylum sechellarum;0,2875;Erythroxylum sechellarum;Lasioglossum mahense;16
Restored;Tea Plantation;7;Tea_7;Erythroxylum sechellarum;0,2875;Erythroxylum sechellarum;Chalicodoma disjuncta;2
Restored;Tea Plantation;7;Tea_7;Erythroxylum sechellarum;0,2875;Erythroxylum sechellarum;Apis mellifera;34
Restored;Tea Plantation;7;Tea_7;Erythroxylum sechellarum;0,2875;Erythroxylum sechellarum;Delta alluaudi;5
Restored;Tea Plantation;7;Tea_7;Ixora pudica;0,2500;Ixora pudica;Mordellistena coleae;6
Restored;Tea Plantation;7;Tea_7;Ixora pudica;0,2500;Ixora pudica;Eilema contorta;3
Restored;Tea Plantation;7;Tea_7;Ixora pudica;0,2500;Ixora pudica;Eilema sp1;1
Restored;Tea Plantation;7;Tea_7;Ixora pudica;0,2500;Ixora pudica;Xylocopa caffra;1
Restored;Tea Plantation;7;Tea_7;Ixora pudica;0,2500;Ixora pudica;Hemidactylus frenatus;1
Restored;Tea Plantation;7;Tea_7;Ixora pudica;0,2500;Ixora pudica;Phelsuma sp;1
Restored;Tea Plantation;7;Tea_7;Ixora pudica;0,2500;Ixora pudica;Delta alluaudi;3
Restored;Tea Plantation;7;Tea_7;Nephrosperma vanhoutteanum;0,1875;Nephrosperma vanhoutteanum;Musca domestica;2
Restored;Tea Plantation;7;Tea_7;Nephrosperma vanhoutteanum;0,1875;Nephrosperma vanhoutteanum;Dermestidae sp1;33
Restored;Tea Plantation;7;Tea_7;Nephrosperma vanhoutteanum;0,1875;Nephrosperma vanhoutteanum;Rhiparida seychellensis;15
Restored;Tea Plantation;7;Tea_7;Nephrosperma vanhoutteanum;0,1875;Nephrosperma vanhoutteanum;Lasioglossum mahense;71
Restored;Tea Plantation;7;Tea_7;Nephrosperma vanhoutteanum;0,1875;Nephrosperma vanhoutteanum;Hemipyrellia germana;5
Restored;Tea Plantation;7;Tea_7;Nephrosperma vanhoutteanum;0,1875;Nephrosperma vanhoutteanum;Cratopus aurostriatus;3
Restored;Tea Plantation;7;Tea_7;Nephrosperma vanhoutteanum;0,1875;Nephrosperma vanhoutteanum;Apis mellifera;26
Restored;Tea Plantation;7;Tea_7;Nephrosperma vanhoutteanum;0,1875;Nephrosperma vanhoutteanum;Tricimba seychellensis;5
Restored;Tea Plantation;7;Tea_7;Nephrosperma vanhoutteanum;0,1875;Nephrosperma vanhoutteanum;Atrichopogon yamabukiensis;2
Restored;Tea Plantation;7;Tea_7;Nephrosperma vanhoutteanum;0,1875;Nephrosperma vanhoutteanum;Ceratina tabescens;3
Restored;Tea Plantation;7;Tea_7;Nephrosperma vanhoutteanum;0,1875;Nephrosperma vanhoutteanum;Scaptodrosophila undet sp2;1
Restored;Tea Plantation;7;Tea_7;Nephrosperma vanhoutteanum;0,1875;Nephrosperma vanhoutteanum;Polistes olivaceus;1
Restored;Tea Plantation;7;Tea_7;Paragenipa lancifolia;0,0750;Paragenipa lancifolia;Lasioglossum mahense;9
Restored;Tea Plantation;7;Tea_7;Paragenipa lancifolia;0,0750;Paragenipa lancifolia;Apis mellifera;6
Restored;Tea Plantation;7;Tea_7;Psychotria pervillei;0,1875;Psychotria pervillei;Lasioglossum mahense;1
Restored;Tea Plantation;7;Tea_7;Psychotria pervillei;0,1875;Psychotria pervillei;Chalicodoma disjuncta;1
Restored;Tea Plantation;7;Tea_7;Psychotria pervillei;0,1875;Psychotria pervillei;Apis mellifera;9
Restored;Tea Plantation;7;Tea_7;Psychotria pervillei;0,1875;Psychotria pervillei;Phelsuma sp;1
Restored;Tea Plantation;7;Tea_7;Psychotria pervillei;0,1875;Psychotria pervillei;Delta alluaudi;8
Restored;Tea Plantation;7;Tea_7;Psychotria pervillei;0,1875;Psychotria pervillei;Cinnyris dussumieri;1
Restored;Tea Plantation;7;Tea_7;Psychotria pervillei;0,1875;Psychotria pervillei;Rhynchium brunneum;1
Restored;Tea Plantation;7;Tea_7;Soulamea terminalioides;0,5250;Soulamea terminalioides;Rhiparida seychellensis;1
Restored;Tea Plantation;7;Tea_7;Soulamea terminalioides;0,5250;Soulamea terminalioides;Lasioglossum mahense;2
Restored;Tea Plantation;7;Tea_7;Soulamea terminalioides;0,5250;Soulamea terminalioides;Chrysomya megacephala;1
Restored;Tea Plantation;7;Tea_7;Soulamea terminalioides;0,5250;Soulamea terminalioides;Apis mellifera;4
Restored;Tea Plantation;8;Tea_8;Campnosperma seychellarum;0,1000;Campnosperma seychellarum;Rhiparida seychellensis;1
Restored;Tea Plantation;8;Tea_8;Campnosperma seychellarum;0,1000;Campnosperma seychellarum;Hemipyrellia germana;1
Restored;Tea Plantation;8;Tea_8;Campnosperma seychellarum;0,1000;Campnosperma seychellarum;Apis mellifera;3
Restored;Tea Plantation;8;Tea_8;Campnosperma seychellarum;0,1000;Campnosperma seychellarum;Amblypsilopus (?) nr. simplex;1
Restored;Tea Plantation;8;Tea_8;Dillenia ferruginea;0,2500;Dillenia ferruginea;Lasioglossum mahense;11
Restored;Tea Plantation;8;Tea_8;Dillenia ferruginea;0,2500;Dillenia ferruginea;Cratopus aurostriatus;2
Restored;Tea Plantation;8;Tea_8;Dillenia ferruginea;0,2500;Dillenia ferruginea;Xylocopa caffra;1
Restored;Tea Plantation;8;Tea_8;Dillenia ferruginea;0,2500;Dillenia ferruginea;Apis mellifera;8
Restored;Tea Plantation;8;Tea_8;Dillenia ferruginea;0,2500;Dillenia ferruginea;Cinnyris dussumieri;4
Restored;Tea Plantation;8;Tea_8;Erythroxylum sechellarum;0,3625;Erythroxylum sechellarum;Lasioglossum mahense;18
Restored;Tea Plantation;8;Tea_8;Erythroxylum sechellarum;0,3625;Erythroxylum sechellarum;Apis mellifera;3
Restored;Tea Plantation;8;Tea_8;Erythroxylum sechellarum;0,3625;Erythroxylum sechellarum;Delta alluaudi;3
Restored;Tea Plantation;8;Tea_8;Erythroxylum sechellarum;0,3625;Erythroxylum sechellarum;Polistes olivaceus;1
Restored;Tea Plantation;8;Tea_8;Memecylon elaeagni;0,5125;Memecylon elaeagni;Lobosciara bilotata;1
Restored;Tea Plantation;8;Tea_8;Memecylon elaeagni;0,5125;Memecylon elaeagni;Lasioglossum mahense;9
Restored;Tea Plantation;8;Tea_8;Memecylon elaeagni;0,5125;Memecylon elaeagni;Chalicodoma disjuncta;1
Restored;Tea Plantation;8;Tea_8;Memecylon elaeagni;0,5125;Memecylon elaeagni;Cratopus aurostriatus;2
Restored;Tea Plantation;8;Tea_8;Memecylon elaeagni;0,5125;Memecylon elaeagni;Apis mellifera;4
Restored;Tea Plantation;8;Tea_8;Nephrosperma vanhoutteanum;0,5500;Nephrosperma vanhoutteanum;Rhiparida seychellensis;9
Restored;Tea Plantation;8;Tea_8;Nephrosperma vanhoutteanum;0,5500;Nephrosperma vanhoutteanum;Parasarcophaga hirticeps;1
Restored;Tea Plantation;8;Tea_8;Nephrosperma vanhoutteanum;0,5500;Nephrosperma vanhoutteanum;Lasioglossum mahense;38
Restored;Tea Plantation;8;Tea_8;Nephrosperma vanhoutteanum;0,5500;Nephrosperma vanhoutteanum;Cratopus aurostriatus;4
Restored;Tea Plantation;8;Tea_8;Nephrosperma vanhoutteanum;0,5500;Nephrosperma vanhoutteanum;Apis mellifera;19
Restored;Tea Plantation;8;Tea_8;Nephrosperma vanhoutteanum;0,5500;Nephrosperma vanhoutteanum;Tricimba seychellensis;1
Restored;Tea Plantation;8;Tea_8;Nephrosperma vanhoutteanum;0,5500;Nephrosperma vanhoutteanum;Phelsuma sp;2
Restored;Tea Plantation;8;Tea_8;Nephrosperma vanhoutteanum;0,5500;Nephrosperma vanhoutteanum;Scaptodrosophila undet sp1;2
Restored;Tea Plantation;8;Tea_8;Nephrosperma vanhoutteanum;0,5500;Nephrosperma vanhoutteanum;Geron seychellarum;2
Restored;Tea Plantation;8;Tea_8;Nephrosperma vanhoutteanum;0,5500;Nephrosperma vanhoutteanum;Ceratina tabescens;2
Restored;Tea Plantation;8;Tea_8;Nephrosperma vanhoutteanum;0,5500;Nephrosperma vanhoutteanum;Polistes olivaceus;2
Restored;Tea Plantation;8;Tea_8;Paragenipa lancifolia;0,5375;Paragenipa lancifolia;Lasioglossum mahense;10
Restored;Tea Plantation;8;Tea_8;Paragenipa lancifolia;0,5375;Paragenipa lancifolia;Xylocopa caffra;2
Restored;Tea Plantation;8;Tea_8;Paragenipa lancifolia;0,5375;Paragenipa lancifolia;Apis mellifera;7
Restored;Tea Plantation;8;Tea_8;Paragenipa lancifolia;0,5375;Paragenipa lancifolia;Ceratina tabescens;1
Restored;Tea Plantation;8;Tea_8;Psychotria pervillei;0,2500;Psychotria pervillei;Lasioglossum mahense;1
Restored;Tea Plantation;8;Tea_8;Psychotria pervillei;0,2500;Psychotria pervillei;Simosyrphus aegyptius;1
Restored;Tea Plantation;8;Tea_8;Psychotria pervillei;0,2500;Psychotria pervillei;Chalicodoma disjuncta;1
Restored;Tea Plantation;8;Tea_8;Psychotria pervillei;0,2500;Psychotria pervillei;Polemistus sp1;2
Restored;Tea Plantation;8;Tea_8;Psychotria pervillei;0,2500;Psychotria pervillei;Delta alluaudi;5
Restored;Tea Plantation;8;Tea_8;Psychotria pervillei;0,2500;Psychotria pervillei;Mabuya seychellensis;1
Restored;Tea Plantation;8;Tea_8;Roscheria melanochaetes;0,3250;Roscheria melanochaetes;Rhiparida seychellensis;1
Restored;Tea Plantation;8;Tea_8;Roscheria melanochaetes;0,3250;Roscheria melanochaetes;Forcipomyia (Euprojoannisia) sp1;5
Restored;Tea Plantation;8;Tea_8;Roscheria melanochaetes;0,3250;Roscheria melanochaetes;Dasyhelea tamsi;5
Restored;Tea Plantation;8;Tea_8;Soulamea terminalioides;0,1875;Soulamea terminalioides;Apis mellifera;2
Restored;Trois Freres;1;Tro_1;Pyrostria bibracteata;0,1889;Pyrostria bibracteata;Simosyrphus aegyptius;1
Restored;Trois Freres;1;Tro_1;Pyrostria bibracteata;0,1889;Pyrostria bibracteata;Apis mellifera;4
Restored;Trois Freres;1;Tro_1;Dillenia ferruginea;0,0333;Dillenia ferruginea;Lasioglossum mahense;1
Restored;Trois Freres;1;Tro_1;Dillenia ferruginea;0,0333;Dillenia ferruginea;Apis mellifera;15
Restored;Trois Freres;1;Tro_1;Erythroxylum sechellarum;0,1222;Erythroxylum sechellarum;Lasioglossum mahense;18
Restored;Trois Freres;1;Tro_1;Erythroxylum sechellarum;0,1222;Erythroxylum sechellarum;Apis mellifera;8
Restored;Trois Freres;1;Tro_1;Erythroxylum sechellarum;0,1222;Erythroxylum sechellarum;Sciaridae sp1;2
Restored;Trois Freres;1;Tro_1;Excoecaria benthamiana;0,1333;Excoecaria benthamiana;Ptinidae sp1;1
Restored;Trois Freres;1;Tro_1;Nephrosperma vanhoutteanum;0,2556;Nephrosperma vanhoutteanum;Rhiparida seychellensis;3
Restored;Trois Freres;1;Tro_1;Nephrosperma vanhoutteanum;0,2556;Nephrosperma vanhoutteanum;Lasioglossum mahense;28
Restored;Trois Freres;1;Tro_1;Nephrosperma vanhoutteanum;0,2556;Nephrosperma vanhoutteanum;Forcipomyia (Euprojoannisia) sp1;1
Restored;Trois Freres;1;Tro_1;Nephrosperma vanhoutteanum;0,2556;Nephrosperma vanhoutteanum;Apis mellifera;19
Restored;Trois Freres;1;Tro_1;Nephrosperma vanhoutteanum;0,2556;Nephrosperma vanhoutteanum;Phelsuma sp;1
Restored;Trois Freres;1;Tro_1;Paragenipa lancifolia;0,3556;Paragenipa lancifolia;Apis mellifera;5
Restored;Trois Freres;1;Tro_1;Roscheria melanochaetes;0,0556;Roscheria melanochaetes;Lasioglossum mahense;1
Restored;Trois Freres;1;Tro_1;Roscheria melanochaetes;0,0556;Roscheria melanochaetes;Cardiophorus sp1;1
Restored;Trois Freres;1;Tro_1;Roscheria melanochaetes;0,0556;Roscheria melanochaetes;Eudaeus sp;1
Restored;Trois Freres;1;Tro_1;Roscheria melanochaetes;0,0556;Roscheria melanochaetes;Forcipomyia (Microhelea) amieuensis;1
Restored;Trois Freres;2;Tro_2;Memecylon elaeagni;0,6556;Memecylon elaeagni;Lasioglossum mahense;2
Restored;Trois Freres;2;Tro_2;Memecylon elaeagni;0,6556;Memecylon elaeagni;Simosyrphus aegyptius;2
Restored;Trois Freres;2;Tro_2;Memecylon elaeagni;0,6556;Memecylon elaeagni;Apis mellifera;10
Restored;Trois Freres;2;Tro_2;Memecylon elaeagni;0,6556;Memecylon elaeagni;Thripomorpha rufithorax;1
Restored;Trois Freres;2;Tro_2;Nephrosperma vanhoutteanum;0,6667;Nephrosperma vanhoutteanum;Lasioglossum mahense;12
Restored;Trois Freres;2;Tro_2;Nephrosperma vanhoutteanum;0,6667;Nephrosperma vanhoutteanum;Dasyhelea tamsi;2
Restored;Trois Freres;2;Tro_2;Nephrosperma vanhoutteanum;0,6667;Nephrosperma vanhoutteanum;Apis mellifera;20
Restored;Trois Freres;2;Tro_2;Nephrosperma vanhoutteanum;0,6667;Nephrosperma vanhoutteanum;Sciaridae sp1;1
Restored;Trois Freres;2;Tro_2;Nephrosperma vanhoutteanum;0,6667;Nephrosperma vanhoutteanum;Atrichopogon yamabukiensis;1
Restored;Trois Freres;2;Tro_2;Nephrosperma vanhoutteanum;0,6667;Nephrosperma vanhoutteanum;Geron seychellarum;3
Restored;Trois Freres;2;Tro_2;Nephrosperma vanhoutteanum;0,6667;Nephrosperma vanhoutteanum;Thripomorpha rufithorax;9
Restored;Trois Freres;2;Tro_2;Paragenipa lancifolia;0,5556;Paragenipa lancifolia;Lasioglossum mahense;3
Restored;Trois Freres;2;Tro_2;Paragenipa lancifolia;0,5556;Paragenipa lancifolia;Apis mellifera;7
Restored;Trois Freres;2;Tro_2;Paragenipa lancifolia;0,5556;Paragenipa lancifolia;Atrichopogon yamabukiensis;1
Restored;Trois Freres;2;Tro_2;Phoenicophorium borsigianum;0,1667;Phoenicophorium borsigianum;Rhiparida seychellensis;1
Restored;Trois Freres;2;Tro_2;Phoenicophorium borsigianum;0,1667;Phoenicophorium borsigianum;Lasioglossum mahense;11
Restored;Trois Freres;2;Tro_2;Phoenicophorium borsigianum;0,1667;Phoenicophorium borsigianum;Nitidulidae sp1;20
Restored;Trois Freres;2;Tro_2;Phoenicophorium borsigianum;0,1667;Phoenicophorium borsigianum;Cossonini sp1;1
Restored;Trois Freres;2;Tro_2;Phoenicophorium borsigianum;0,1667;Phoenicophorium borsigianum;Apis mellifera;1
Restored;Trois Freres;2;Tro_2;Phoenicophorium borsigianum;0,1667;Phoenicophorium borsigianum;Hapalips sp1;3
Restored;Trois Freres;2;Tro_2;Pittosporum senacia subsp. wrightii;0,5222;Pittosporum senacia subsp. wrightii;Lygistorrhina sp;3
Restored;Trois Freres;2;Tro_2;Pittosporum senacia subsp. wrightii;0,5222;Pittosporum senacia subsp. wrightii;Apis mellifera;2
Restored;Trois Freres;2;Tro_2;Roscheria melanochaetes;0,0889;Roscheria melanochaetes;Rhiparida seychellensis;2
Restored;Trois Freres;2;Tro_2;Roscheria melanochaetes;0,0889;Roscheria melanochaetes;Forcipomyia (Euprojoannisia) sp1;7
Restored;Trois Freres;2;Tro_2;Roscheria melanochaetes;0,0889;Roscheria melanochaetes;Forcipomyia (Thyridomyia) litoraurea;2
Restored;Trois Freres;2;Tro_2;Roscheria melanochaetes;0,0889;Roscheria melanochaetes;Apis mellifera;3
Restored;Trois Freres;2;Tro_2;Roscheria melanochaetes;0,0889;Roscheria melanochaetes;Sciaridae sp1;3
Restored;Trois Freres;2;Tro_2;Roscheria melanochaetes;0,0889;Roscheria melanochaetes;Phelsuma sp;1
Restored;Trois Freres;2;Tro_2;Roscheria melanochaetes;0,0889;Roscheria melanochaetes;Atrichopogon yamabukiensis;4
Restored;Trois Freres;2;Tro_2;Roscheria melanochaetes;0,0889;Roscheria melanochaetes;Bradysia ocellaris;1
Restored;Trois Freres;2;Tro_2;Roscheria melanochaetes;0,0889;Roscheria melanochaetes;Forcipomyia (Microhelea) amieuensis;3
Restored;Trois Freres;2;Tro_2;Soulamea terminalioides;0,0222;Soulamea terminalioides;Lobosciara bilotata;1
Restored;Trois Freres;2;Tro_2;Soulamea terminalioides;0,0222;Soulamea terminalioides;Hemipyrellia germana;3
Restored;Trois Freres;2;Tro_2;Soulamea terminalioides;0,0222;Soulamea terminalioides;Apis mellifera;8
Restored;Trois Freres;2;Tro_2;Soulamea terminalioides;0,0222;Soulamea terminalioides;Inostemma close to soederlundi;1
Restored;Trois Freres;3;Tro_3;Dillenia ferruginea;0,0222;Dillenia ferruginea;Lasioglossum mahense;6
Restored;Trois Freres;3;Tro_3;Dillenia ferruginea;0,0222;Dillenia ferruginea;Cratopus aurostriatus;1
Restored;Trois Freres;3;Tro_3;Dillenia ferruginea;0,0222;Dillenia ferruginea;Apis mellifera;14
Restored;Trois Freres;3;Tro_3;Erythroxylum sechellarum;0,1889;Erythroxylum sechellarum;Lasioglossum mahense;6
Restored;Trois Freres;3;Tro_3;Erythroxylum sechellarum;0,1889;Erythroxylum sechellarum;Apis mellifera;9
Restored;Trois Freres;3;Tro_3;Erythroxylum sechellarum;0,1889;Erythroxylum sechellarum;Chironomus sp;1
Restored;Trois Freres;3;Tro_3;Erythroxylum sechellarum;0,1889;Erythroxylum sechellarum;Forcipomyia (Microhelea) amieuensis;1
Restored;Trois Freres;3;Tro_3;Memecylon elaeagni;1,0333;Memecylon elaeagni;Lasioglossum mahense;1
Restored;Trois Freres;3;Tro_3;Memecylon elaeagni;1,0333;Memecylon elaeagni;Chalicodoma disjuncta;8
Restored;Trois Freres;3;Tro_3;Memecylon elaeagni;1,0333;Memecylon elaeagni;Apis mellifera;11
Restored;Trois Freres;3;Tro_3;Memecylon elaeagni;1,0333;Memecylon elaeagni;Scolytidae sp1;1
Restored;Trois Freres;3;Tro_3;Memecylon elaeagni;1,0333;Memecylon elaeagni;Thripomorpha rufithorax;1
Restored;Trois Freres;3;Tro_3;Nepenthes pervillei;0,2889;Nepenthes pervillei;Hemipyrellia germana;1
Restored;Trois Freres;3;Tro_3;Nephrosperma vanhoutteanum;0,2333;Nephrosperma vanhoutteanum;Rhiparida seychellensis;5
Restored;Trois Freres;3;Tro_3;Nephrosperma vanhoutteanum;0,2333;Nephrosperma vanhoutteanum;Lasioglossum mahense;9
Restored;Trois Freres;3;Tro_3;Nephrosperma vanhoutteanum;0,2333;Nephrosperma vanhoutteanum;Forcipomyia (Euprojoannisia) sp1;13
Restored;Trois Freres;3;Tro_3;Nephrosperma vanhoutteanum;0,2333;Nephrosperma vanhoutteanum;Apis mellifera;12
Restored;Trois Freres;3;Tro_3;Nephrosperma vanhoutteanum;0,2333;Nephrosperma vanhoutteanum;Sciaridae sp1;2
Restored;Trois Freres;3;Tro_3;Nephrosperma vanhoutteanum;0,2333;Nephrosperma vanhoutteanum;Forcipomyia (Microhelea) amieuensis;2
Restored;Trois Freres;3;Tro_3;Polyscias crassa;0,2111;Polyscias crassa;Lasioglossum mahense;1
Restored;Trois Freres;3;Tro_3;Polyscias crassa;0,2111;Polyscias crassa;Hemipyrellia germana;1
Restored;Trois Freres;3;Tro_3;Polyscias crassa;0,2111;Polyscias crassa;Apis mellifera;2
Restored;Trois Freres;3;Tro_3;Polyscias crassa;0,2111;Polyscias crassa;Hypsipetes crassirostris;1
Restored;Trois Freres;3;Tro_3;Polyscias crassa;0,2111;Polyscias crassa;Phelsuma sp;4
Restored;Trois Freres;3;Tro_3;Polyscias crassa;0,2111;Polyscias crassa;Cinnyris dussumieri;6
Restored;Trois Freres;3;Tro_3;Polyscias crassa;0,2111;Polyscias crassa;Mabuya seychellensis;7
Restored;Trois Freres;3;Tro_3;Roscheria melanochaetes;0,4333;Roscheria melanochaetes;Dermestidae sp1;2
Restored;Trois Freres;3;Tro_3;Roscheria melanochaetes;0,4333;Roscheria melanochaetes;Rhiparida seychellensis;2
Restored;Trois Freres;3;Tro_3;Roscheria melanochaetes;0,4333;Roscheria melanochaetes;Dasyhelea tamsi;4
Restored;Trois Freres;3;Tro_3;Roscheria melanochaetes;0,4333;Roscheria melanochaetes;Cardiophorus sp1;3
Restored;Trois Freres;3;Tro_3;Roscheria melanochaetes;0,4333;Roscheria melanochaetes;Forcipomyia (Thyridomyia) litoraurea;2
Restored;Trois Freres;3;Tro_3;Roscheria melanochaetes;0,4333;Roscheria melanochaetes;Apis mellifera;1
Restored;Trois Freres;3;Tro_3;Roscheria melanochaetes;0,4333;Roscheria melanochaetes;Forcipomyia (Microhelea) amieuensis;2
Restored;Trois Freres;3;Tro_3;Soulamea terminalioides;0,0778;Soulamea terminalioides;Hemipyrellia germana;1
Restored;Trois Freres;3;Tro_3;Timonius flavescens;0,2556;Timonius flavescens;Simosyrphus aegyptius;1
Restored;Trois Freres;3;Tro_3;Timonius flavescens;0,2556;Timonius flavescens;Chalicodoma disjuncta;1
Restored;Trois Freres;3;Tro_3;Timonius flavescens;0,2556;Timonius flavescens;Apis mellifera;1
Restored;Trois Freres;4;Tro_4;Dillenia ferruginea;0,0111;Dillenia ferruginea;Lasioglossum mahense;3
Restored;Trois Freres;4;Tro_4;Dillenia ferruginea;0,0111;Dillenia ferruginea;Hemipyrellia germana;1
Restored;Trois Freres;4;Tro_4;Dillenia ferruginea;0,0111;Dillenia ferruginea;Apis mellifera;4
Restored;Trois Freres;4;Tro_4;Erythroxylum sechellarum;0,2667;Erythroxylum sechellarum;Lasioglossum mahense;12
Restored;Trois Freres;4;Tro_4;Erythroxylum sechellarum;0,2667;Erythroxylum sechellarum;Apis mellifera;8
Restored;Trois Freres;4;Tro_4;Erythroxylum sechellarum;0,2667;Erythroxylum sechellarum;Delta alluaudi;1
Restored;Trois Freres;4;Tro_4;Erythroxylum sechellarum;0,2667;Erythroxylum sechellarum;Forcipomyia (Microhelea) amieuensis;1
Restored;Trois Freres;4;Tro_4;Excoecaria benthamiana;0,2000;Excoecaria benthamiana;Simosyrphus aegyptius;1
Restored;Trois Freres;4;Tro_4;Excoecaria benthamiana;0,2000;Excoecaria benthamiana;Forcipomyia (Euprojoannisia) sp1;7
Restored;Trois Freres;4;Tro_4;Excoecaria benthamiana;0,2000;Excoecaria benthamiana;Apis mellifera;2
Restored;Trois Freres;4;Tro_4;Excoecaria benthamiana;0,2000;Excoecaria benthamiana;Homoneura pulchrifrons;5
Restored;Trois Freres;4;Tro_4;Excoecaria benthamiana;0,2000;Excoecaria benthamiana;Homoneura striata;3
Restored;Trois Freres;4;Tro_4;Memecylon elaeagni;2,2889;Memecylon elaeagni;Lasioglossum mahense;2
Restored;Trois Freres;4;Tro_4;Memecylon elaeagni;2,2889;Memecylon elaeagni;Simosyrphus aegyptius;3
Restored;Trois Freres;4;Tro_4;Memecylon elaeagni;2,2889;Memecylon elaeagni;Chalicodoma disjuncta;1
Restored;Trois Freres;4;Tro_4;Memecylon elaeagni;2,2889;Memecylon elaeagni;Apis mellifera;30
Restored;Trois Freres;4;Tro_4;Mimusops sechellarum;0,2889;Mimusops sechellarum;Apis mellifera;1
Restored;Trois Freres;4;Tro_4;Mimusops sechellarum;0,2889;Mimusops sechellarum;Cinnyris dussumieri;1
Restored;Trois Freres;4;Tro_4;Nepenthes pervillei;0,5667;Nepenthes pervillei;Hemipyrellia germana;4
Restored;Trois Freres;4;Tro_4;Nepenthes pervillei;0,5667;Nepenthes pervillei;Simosyrphus aegyptius;1
Restored;Trois Freres;4;Tro_4;Nepenthes pervillei;0,5667;Nepenthes pervillei;Forcipomyia (Euprojoannisia) sp1;1
Restored;Trois Freres;4;Tro_4;Nepenthes pervillei;0,5667;Nepenthes pervillei;Ephydridae sp1;1
Restored;Trois Freres;4;Tro_4;Nepenthes pervillei;0,5667;Nepenthes pervillei;Chrysomya megacephala;5
Restored;Trois Freres;4;Tro_4;Nepenthes pervillei;0,5667;Nepenthes pervillei;Eristalinus sp;2
Restored;Trois Freres;4;Tro_4;Nephrosperma vanhoutteanum;0,8889;Nephrosperma vanhoutteanum;Rhiparida seychellensis;3
Restored;Trois Freres;4;Tro_4;Nephrosperma vanhoutteanum;0,8889;Nephrosperma vanhoutteanum;Lasioglossum mahense;33
Restored;Trois Freres;4;Tro_4;Nephrosperma vanhoutteanum;0,8889;Nephrosperma vanhoutteanum;Megachile seychellensis;2
Restored;Trois Freres;4;Tro_4;Nephrosperma vanhoutteanum;0,8889;Nephrosperma vanhoutteanum;Forcipomyia (Euprojoannisia) sp1;6
Restored;Trois Freres;4;Tro_4;Nephrosperma vanhoutteanum;0,8889;Nephrosperma vanhoutteanum;Cratopus aurostriatus;2
Restored;Trois Freres;4;Tro_4;Nephrosperma vanhoutteanum;0,8889;Nephrosperma vanhoutteanum;Apis mellifera;27
Restored;Trois Freres;4;Tro_4;Nephrosperma vanhoutteanum;0,8889;Nephrosperma vanhoutteanum;Forcipomyia (Microhelea) amieuensis;2
Restored;Trois Freres;4;Tro_4;Roscheria melanochaetes;0,4333;Roscheria melanochaetes;Lobosciara bilotata;1
Restored;Trois Freres;4;Tro_4;Roscheria melanochaetes;0,4333;Roscheria melanochaetes;Lasioglossum mahense;1
Restored;Trois Freres;4;Tro_4;Roscheria melanochaetes;0,4333;Roscheria melanochaetes;Hemipyrellia germana;1
Restored;Trois Freres;4;Tro_4;Roscheria melanochaetes;0,4333;Roscheria melanochaetes;Simosyrphus aegyptius;2
Restored;Trois Freres;4;Tro_4;Roscheria melanochaetes;0,4333;Roscheria melanochaetes;Forcipomyia (Euprojoannisia) sp1;11
Restored;Trois Freres;4;Tro_4;Roscheria melanochaetes;0,4333;Roscheria melanochaetes;Forcipomyia (Thyridomyia) litoraurea;6
Restored;Trois Freres;4;Tro_4;Roscheria melanochaetes;0,4333;Roscheria melanochaetes;Apis mellifera;1
Restored;Trois Freres;4;Tro_4;Roscheria melanochaetes;0,4333;Roscheria melanochaetes;Atrichopogon yamabukiensis;2
Restored;Trois Freres;4;Tro_4;Roscheria melanochaetes;0,4333;Roscheria melanochaetes;Bradysia ocellaris;1
Restored;Trois Freres;5;Tro_5;Pyrostria bibracteata;0,4444;Pyrostria bibracteata;Lasioglossum mahense;2
Restored;Trois Freres;5;Tro_5;Pyrostria bibracteata;0,4444;Pyrostria bibracteata;Hemipyrellia germana;5
Restored;Trois Freres;5;Tro_5;Pyrostria bibracteata;0,4444;Pyrostria bibracteata;Apis mellifera;1
Restored;Trois Freres;5;Tro_5;Pyrostria bibracteata;0,4444;Pyrostria bibracteata;Ornidia obesa;2
Restored;Trois Freres;5;Tro_5;Dillenia ferruginea;0,0333;Dillenia ferruginea;Dermestidae sp1;1
Restored;Trois Freres;5;Tro_5;Dillenia ferruginea;0,0333;Dillenia ferruginea;Lasioglossum mahense;1
Restored;Trois Freres;5;Tro_5;Dillenia ferruginea;0,0333;Dillenia ferruginea;Cratopus aurostriatus;1
Restored;Trois Freres;5;Tro_5;Dillenia ferruginea;0,0333;Dillenia ferruginea;Apis mellifera;11
Restored;Trois Freres;5;Tro_5;Dillenia ferruginea;0,0333;Dillenia ferruginea;Ornidia obesa;1
Restored;Trois Freres;5;Tro_5;Erythroxylum sechellarum;0,4333;Erythroxylum sechellarum;Lasioglossum mahense;10
Restored;Trois Freres;5;Tro_5;Erythroxylum sechellarum;0,4333;Erythroxylum sechellarum;Lygistorrhina sp;1
Restored;Trois Freres;5;Tro_5;Erythroxylum sechellarum;0,4333;Erythroxylum sechellarum;Eupetersia scotti;1
Restored;Trois Freres;5;Tro_5;Erythroxylum sechellarum;0,4333;Erythroxylum sechellarum;Apis mellifera;10
Restored;Trois Freres;5;Tro_5;Erythroxylum sechellarum;0,4333;Erythroxylum sechellarum;Delta alluaudi;2
Restored;Trois Freres;5;Tro_5;Erythroxylum sechellarum;0,4333;Erythroxylum sechellarum;Ornidia obesa;2
Restored;Trois Freres;5;Tro_5;Erythroxylum sechellarum;0,4333;Erythroxylum sechellarum;Mycetophilidae sp1;1
Restored;Trois Freres;5;Tro_5;Excoecaria benthamiana;0,0889;Excoecaria benthamiana;Apis mellifera;8
Restored;Trois Freres;5;Tro_5;Nepenthes pervillei;0,1444;Nepenthes pervillei;Hemipyrellia germana;7
Restored;Trois Freres;5;Tro_5;Nepenthes pervillei;0,1444;Nepenthes pervillei;Dasyhelea tamsi;2
Restored;Trois Freres;5;Tro_5;Nepenthes pervillei;0,1444;Nepenthes pervillei;Chrysomya megacephala;15
Restored;Trois Freres;5;Tro_5;Nepenthes pervillei;0,1444;Nepenthes pervillei;Eristalinus sp;1
Restored;Trois Freres;5;Tro_5;Nepenthes pervillei;0,1444;Nepenthes pervillei;Chloropidae sp3;3
Restored;Trois Freres;5;Tro_5;Nepenthes pervillei;0,1444;Nepenthes pervillei;Ornidia obesa;3
Restored;Trois Freres;5;Tro_5;Nephrosperma vanhoutteanum;0,4333;Nephrosperma vanhoutteanum;Hasinamelissa sp;1
Restored;Trois Freres;5;Tro_5;Nephrosperma vanhoutteanum;0,4333;Nephrosperma vanhoutteanum;Rhiparida seychellensis;1
Restored;Trois Freres;5;Tro_5;Nephrosperma vanhoutteanum;0,4333;Nephrosperma vanhoutteanum;Lasioglossum mahense;20
Restored;Trois Freres;5;Tro_5;Nephrosperma vanhoutteanum;0,4333;Nephrosperma vanhoutteanum;Megachile seychellensis;1
Restored;Trois Freres;5;Tro_5;Nephrosperma vanhoutteanum;0,4333;Nephrosperma vanhoutteanum;Lygistorrhina sp;4
Restored;Trois Freres;5;Tro_5;Nephrosperma vanhoutteanum;0,4333;Nephrosperma vanhoutteanum;Dasyhelea tamsi;40
Restored;Trois Freres;5;Tro_5;Nephrosperma vanhoutteanum;0,4333;Nephrosperma vanhoutteanum;Chrysomya megacephala;2
Restored;Trois Freres;5;Tro_5;Nephrosperma vanhoutteanum;0,4333;Nephrosperma vanhoutteanum;Apis mellifera;9
Restored;Trois Freres;5;Tro_5;Nephrosperma vanhoutteanum;0,4333;Nephrosperma vanhoutteanum;Phelsuma sp;1
Restored;Trois Freres;5;Tro_5;Nephrosperma vanhoutteanum;0,4333;Nephrosperma vanhoutteanum;Ornidia obesa;1
Restored;Trois Freres;5;Tro_5;Paragenipa lancifolia;0,1889;Paragenipa lancifolia;Lasioglossum mahense;4
Restored;Trois Freres;5;Tro_5;Paragenipa lancifolia;0,1889;Paragenipa lancifolia;Apis mellifera;8
Restored;Trois Freres;5;Tro_5;Polyscias crassa;0,2333;Polyscias crassa;Musca domestica;4
Restored;Trois Freres;5;Tro_5;Polyscias crassa;0,2333;Polyscias crassa;Parasarcophaga hirticeps;1
Restored;Trois Freres;5;Tro_5;Polyscias crassa;0,2333;Polyscias crassa;Lasioglossum mahense;10
Restored;Trois Freres;5;Tro_5;Polyscias crassa;0,2333;Polyscias crassa;Hemipyrellia germana;1
Restored;Trois Freres;5;Tro_5;Polyscias crassa;0,2333;Polyscias crassa;Chrysomya megacephala;2
Restored;Trois Freres;5;Tro_5;Polyscias crassa;0,2333;Polyscias crassa;Rhinia apicalis;2
Restored;Trois Freres;5;Tro_5;Polyscias crassa;0,2333;Polyscias crassa;Apis mellifera;89
Restored;Trois Freres;5;Tro_5;Polyscias crassa;0,2333;Polyscias crassa;Ornidia obesa;3
Restored;Trois Freres;5;Tro_5;Polyscias crassa;0,2333;Polyscias crassa;Mabuya seychellensis;1
Restored;Trois Freres;5;Tro_5;Polyscias crassa;0,2333;Polyscias crassa;Polistes olivaceus;3
Restored;Trois Freres;5;Tro_5;Premna serratifolia;0,1333;Premna serratifolia;Lobosciara bilotata;3
Restored;Trois Freres;5;Tro_5;Premna serratifolia;0,1333;Premna serratifolia;Hemipyrellia germana;8
Restored;Trois Freres;5;Tro_5;Premna serratifolia;0,1333;Premna serratifolia;Chrysomya megacephala;12
Restored;Trois Freres;5;Tro_5;Premna serratifolia;0,1333;Premna serratifolia;Eristalinus sp;2
Restored;Trois Freres;5;Tro_5;Premna serratifolia;0,1333;Premna serratifolia;Delta alluaudi;1
Restored;Trois Freres;5;Tro_5;Premna serratifolia;0,1333;Premna serratifolia;Ornidia obesa;3
Restored;Trois Freres;5;Tro_5;Roscheria melanochaetes;0,0667;Roscheria melanochaetes;Lobosciara bilotata;1
Restored;Trois Freres;5;Tro_5;Roscheria melanochaetes;0,0667;Roscheria melanochaetes;Lasioglossum mahense;1
Restored;Trois Freres;5;Tro_5;Roscheria melanochaetes;0,0667;Roscheria melanochaetes;Hemipyrellia germana;1
Restored;Trois Freres;5;Tro_5;Roscheria melanochaetes;0,0667;Roscheria melanochaetes;Forcipomyia (Euprojoannisia) sp1;4
Restored;Trois Freres;5;Tro_5;Roscheria melanochaetes;0,0667;Roscheria melanochaetes;Dasyhelea tamsi;9
Restored;Trois Freres;5;Tro_5;Roscheria melanochaetes;0,0667;Roscheria melanochaetes;Chrysomya megacephala;1
Restored;Trois Freres;5;Tro_5;Soulamea terminalioides;0,0556;Soulamea terminalioides;Hemipyrellia germana;2
Restored;Trois Freres;5;Tro_5;Soulamea terminalioides;0,0556;Soulamea terminalioides;Forcipomyia (Euprojoannisia) sp1;9
Restored;Trois Freres;5;Tro_5;Soulamea terminalioides;0,0556;Soulamea terminalioides;Smitta mahensis;1
Restored;Trois Freres;5;Tro_5;Soulamea terminalioides;0,0556;Soulamea terminalioides;Dasyhelea tamsi;7
Restored;Trois Freres;5;Tro_5;Soulamea terminalioides;0,0556;Soulamea terminalioides;Chloropidae sp1;2
Restored;Trois Freres;5;Tro_5;Soulamea terminalioides;0,0556;Soulamea terminalioides;Chrysomya megacephala;13
Restored;Trois Freres;5;Tro_5;Soulamea terminalioides;0,0556;Soulamea terminalioides;Tricimba seychellensis;2
Restored;Trois Freres;5;Tro_5;Soulamea terminalioides;0,0556;Soulamea terminalioides;Dichaetomyia fasciculifera;1
Restored;Trois Freres;5;Tro_5;Soulamea terminalioides;0,0556;Soulamea terminalioides;Elateridae sp2;1
Restored;Trois Freres;5;Tro_5;Soulamea terminalioides;0,0556;Soulamea terminalioides;Scaptodrosophila caliginosa;1
Restored;Trois Freres;5;Tro_5;Soulamea terminalioides;0,0556;Soulamea terminalioides;Figitidae sp1;1
Restored;Trois Freres;5;Tro_5;Soulamea terminalioides;0,0556;Soulamea terminalioides;Chironomus sp;2
Restored;Trois Freres;5;Tro_5;Soulamea terminalioides;0,0556;Soulamea terminalioides;Ornidia obesa;6
Restored;Trois Freres;5;Tro_5;Soulamea terminalioides;0,0556;Soulamea terminalioides;Hymenoptera sp3;1
Restored;Trois Freres;6;Tro_6;Pyrostria bibracteata;0,7333;Pyrostria bibracteata;Lasioglossum mahense;3
Restored;Trois Freres;6;Tro_6;Pyrostria bibracteata;0,7333;Pyrostria bibracteata;Apis mellifera;54
Restored;Trois Freres;6;Tro_6;Dillenia ferruginea;0,0333;Dillenia ferruginea;Lasioglossum mahense;4
Restored;Trois Freres;6;Tro_6;Dillenia ferruginea;0,0333;Dillenia ferruginea;Xylocopa caffra;1
Restored;Trois Freres;6;Tro_6;Dillenia ferruginea;0,0333;Dillenia ferruginea;Apis mellifera;30
Restored;Trois Freres;6;Tro_6;Dillenia ferruginea;0,0333;Dillenia ferruginea;Coleoptera sp4;1
Restored;Trois Freres;6;Tro_6;Dillenia ferruginea;0,0333;Dillenia ferruginea;Cinnyris dussumieri;1
Restored;Trois Freres;6;Tro_6;Erythroxylum sechellarum;0,3444;Erythroxylum sechellarum;Lasioglossum mahense;8
Restored;Trois Freres;6;Tro_6;Erythroxylum sechellarum;0,3444;Erythroxylum sechellarum;Forcipomyia (Euprojoannisia) sp1;1
Restored;Trois Freres;6;Tro_6;Erythroxylum sechellarum;0,3444;Erythroxylum sechellarum;Lygistorrhina sp;1
Restored;Trois Freres;6;Tro_6;Erythroxylum sechellarum;0,3444;Erythroxylum sechellarum;Apis mellifera;18
Restored;Trois Freres;6;Tro_6;Excoecaria benthamiana;0,0889;Excoecaria benthamiana;Lasioglossum mahense;2
Restored;Trois Freres;6;Tro_6;Excoecaria benthamiana;0,0889;Excoecaria benthamiana;Apis mellifera;1
Restored;Trois Freres;6;Tro_6;Nephrosperma vanhoutteanum;1,7111;Nephrosperma vanhoutteanum;Dermestidae sp1;3
Restored;Trois Freres;6;Tro_6;Nephrosperma vanhoutteanum;1,7111;Nephrosperma vanhoutteanum;Rhiparida seychellensis;3
Restored;Trois Freres;6;Tro_6;Nephrosperma vanhoutteanum;1,7111;Nephrosperma vanhoutteanum;Lasioglossum mahense;18
Restored;Trois Freres;6;Tro_6;Nephrosperma vanhoutteanum;1,7111;Nephrosperma vanhoutteanum;Forcipomyia (Euprojoannisia) sp1;1
Restored;Trois Freres;6;Tro_6;Nephrosperma vanhoutteanum;1,7111;Nephrosperma vanhoutteanum;Dasyhelea tamsi;27
Restored;Trois Freres;6;Tro_6;Nephrosperma vanhoutteanum;1,7111;Nephrosperma vanhoutteanum;Apis mellifera;25
Restored;Trois Freres;6;Tro_6;Nephrosperma vanhoutteanum;1,7111;Nephrosperma vanhoutteanum;Sciaridae sp1;5
Restored;Trois Freres;6;Tro_6;Paragenipa lancifolia;0,5667;Paragenipa lancifolia;Lasioglossum mahense;2
Restored;Trois Freres;6;Tro_6;Paragenipa lancifolia;0,5667;Paragenipa lancifolia;Apis mellifera;2
Restored;Trois Freres;6;Tro_6;Pittosporum senacia subsp. wrightii;0,5667;Pittosporum senacia subsp. wrightii;Lasioglossum mahense;1
Restored;Trois Freres;6;Tro_6;Pittosporum senacia subsp. wrightii;0,5667;Pittosporum senacia subsp. wrightii;Apis mellifera;6
Restored;Trois Freres;6;Tro_6;Polyscias crassa;0,5333;Polyscias crassa;Apis mellifera;121
Restored;Trois Freres;6;Tro_6;Polyscias crassa;0,5333;Polyscias crassa;Cinnyris dussumieri;2
Restored;Trois Freres;6;Tro_6;Polyscias crassa;0,5333;Polyscias crassa;Polistes olivaceus;6
Restored;Trois Freres;6;Tro_6;Roscheria melanochaetes;0,8556;Roscheria melanochaetes;Rhiparida seychellensis;1
Restored;Trois Freres;6;Tro_6;Roscheria melanochaetes;0,8556;Roscheria melanochaetes;Simosyrphus aegyptius;1
Restored;Trois Freres;6;Tro_6;Roscheria melanochaetes;0,8556;Roscheria melanochaetes;Forcipomyia (Euprojoannisia) sp1;9
Restored;Trois Freres;6;Tro_6;Roscheria melanochaetes;0,8556;Roscheria melanochaetes;Dasyhelea tamsi;7
Restored;Trois Freres;6;Tro_6;Roscheria melanochaetes;0,8556;Roscheria melanochaetes;Mordellistena coleae;1
Restored;Trois Freres;6;Tro_6;Roscheria melanochaetes;0,8556;Roscheria melanochaetes;Forcipomyia (Thyridomyia) litoraurea;4
Restored;Trois Freres;6;Tro_6;Roscheria melanochaetes;0,8556;Roscheria melanochaetes;Chrysomya megacephala;1
Restored;Trois Freres;6;Tro_6;Roscheria melanochaetes;0,8556;Roscheria melanochaetes;Apis mellifera;1
Restored;Trois Freres;6;Tro_6;Roscheria melanochaetes;0,8556;Roscheria melanochaetes;Phelsuma sp;1
Restored;Trois Freres;6;Tro_6;Roscheria melanochaetes;0,8556;Roscheria melanochaetes;Atrichopogon yamabukiensis;1
Restored;Trois Freres;6;Tro_6;Roscheria melanochaetes;0,8556;Roscheria melanochaetes;Pseudolycoriella setigera;2
Restored;Trois Freres;7;Tro_7;Dillenia ferruginea;0,0667;Dillenia ferruginea;Lasioglossum mahense;2
Restored;Trois Freres;7;Tro_7;Dillenia ferruginea;0,0667;Dillenia ferruginea;Apis mellifera;5
Restored;Trois Freres;7;Tro_7;Dillenia ferruginea;0,0667;Dillenia ferruginea;Cinnyris dussumieri;1
Restored;Trois Freres;7;Tro_7;Erythroxylum sechellarum;0,2333;Erythroxylum sechellarum;Lasioglossum mahense;8
Restored;Trois Freres;7;Tro_7;Erythroxylum sechellarum;0,2333;Erythroxylum sechellarum;Apis mellifera;1
Restored;Trois Freres;7;Tro_7;Erythroxylum sechellarum;0,2333;Erythroxylum sechellarum;Sciaridae sp1;1
Restored;Trois Freres;7;Tro_7;Erythroxylum sechellarum;0,2333;Erythroxylum sechellarum;Delta alluaudi;1
Restored;Trois Freres;7;Tro_7;Excoecaria benthamiana;0,1444;Excoecaria benthamiana;Lasioglossum mahense;1
Restored;Trois Freres;7;Tro_7;Excoecaria benthamiana;0,1444;Excoecaria benthamiana;Apis mellifera;5
Restored;Trois Freres;7;Tro_7;Nephrosperma vanhoutteanum;2,2222;Nephrosperma vanhoutteanum;Dermestidae sp1;2
Restored;Trois Freres;7;Tro_7;Nephrosperma vanhoutteanum;2,2222;Nephrosperma vanhoutteanum;Rhiparida seychellensis;6
Restored;Trois Freres;7;Tro_7;Nephrosperma vanhoutteanum;2,2222;Nephrosperma vanhoutteanum;Lasioglossum mahense;21
Restored;Trois Freres;7;Tro_7;Nephrosperma vanhoutteanum;2,2222;Nephrosperma vanhoutteanum;Apis mellifera;23
Restored;Trois Freres;7;Tro_7;Nephrosperma vanhoutteanum;2,2222;Nephrosperma vanhoutteanum;Sciaridae sp1;3
Restored;Trois Freres;7;Tro_7;Nephrosperma vanhoutteanum;2,2222;Nephrosperma vanhoutteanum;Phelsuma sp;1
Restored;Trois Freres;7;Tro_7;Nephrosperma vanhoutteanum;2,2222;Nephrosperma vanhoutteanum;Polistes olivaceus;2
Restored;Trois Freres;7;Tro_7;Paragenipa lancifolia;0,1222;Paragenipa lancifolia;Lasioglossum mahense;2
Restored;Trois Freres;7;Tro_7;Paragenipa lancifolia;0,1222;Paragenipa lancifolia;Apis mellifera;3
Restored;Trois Freres;7;Tro_7;Phoenicophorium borsigianum;0,2889;Phoenicophorium borsigianum;Dermestidae sp1;17
Restored;Trois Freres;7;Tro_7;Phoenicophorium borsigianum;0,2889;Phoenicophorium borsigianum;Rhiparida seychellensis;13
Restored;Trois Freres;7;Tro_7;Phoenicophorium borsigianum;0,2889;Phoenicophorium borsigianum;Lasioglossum mahense;25
Restored;Trois Freres;7;Tro_7;Phoenicophorium borsigianum;0,2889;Phoenicophorium borsigianum;Mordellistena coleae;2
Restored;Trois Freres;7;Tro_7;Phoenicophorium borsigianum;0,2889;Phoenicophorium borsigianum;Cossonini sp1;11
Restored;Trois Freres;7;Tro_7;Phoenicophorium borsigianum;0,2889;Phoenicophorium borsigianum;Apis mellifera;4
Restored;Trois Freres;7;Tro_7;Phoenicophorium borsigianum;0,2889;Phoenicophorium borsigianum;Atrichopogon yamabukiensis;3
Restored;Trois Freres;7;Tro_7;Phoenicophorium borsigianum;0,2889;Phoenicophorium borsigianum;Cryptophagidae sp2;43
Restored;Trois Freres;7;Tro_7;Polyscias crassa;0,7556;Polyscias crassa;Lasioglossum mahense;5
Restored;Trois Freres;7;Tro_7;Polyscias crassa;0,7556;Polyscias crassa;Xylocopa caffra;1
Restored;Trois Freres;7;Tro_7;Polyscias crassa;0,7556;Polyscias crassa;Apis mellifera;13
Restored;Trois Freres;7;Tro_7;Polyscias crassa;0,7556;Polyscias crassa;Phelsuma sp;2
Restored;Trois Freres;7;Tro_7;Polyscias crassa;0,7556;Polyscias crassa;Cinnyris dussumieri;4
Restored;Trois Freres;7;Tro_7;Polyscias crassa;0,7556;Polyscias crassa;Mabuya seychellensis;2
Restored;Trois Freres;7;Tro_7;Polyscias crassa;0,7556;Polyscias crassa;Polistes olivaceus;2
Restored;Trois Freres;7;Tro_7;Roscheria melanochaetes;0,5111;Roscheria melanochaetes;Rhiparida seychellensis;1
Restored;Trois Freres;7;Tro_7;Roscheria melanochaetes;0,5111;Roscheria melanochaetes;Lobosciara bilotata;3
Restored;Trois Freres;7;Tro_7;Roscheria melanochaetes;0,5111;Roscheria melanochaetes;Lasioglossum mahense;1
Restored;Trois Freres;7;Tro_7;Roscheria melanochaetes;0,5111;Roscheria melanochaetes;Simosyrphus aegyptius;1
Restored;Trois Freres;7;Tro_7;Roscheria melanochaetes;0,5111;Roscheria melanochaetes;Forcipomyia (Euprojoannisia) sp1;18
Restored;Trois Freres;7;Tro_7;Roscheria melanochaetes;0,5111;Roscheria melanochaetes;Dasyhelea tamsi;9
Restored;Trois Freres;7;Tro_7;Roscheria melanochaetes;0,5111;Roscheria melanochaetes;Cardiophorus sp1;1
Restored;Trois Freres;7;Tro_7;Roscheria melanochaetes;0,5111;Roscheria melanochaetes;Leucopis flavicornis;2
Restored;Trois Freres;7;Tro_7;Roscheria melanochaetes;0,5111;Roscheria melanochaetes;Polistes olivaceus;1
Restored;Trois Freres;7;Tro_7;Timonius flavescens;1,0556;Timonius flavescens;Hypenodinae sp1;1
Restored;Trois Freres;7;Tro_7;Timonius flavescens;1,0556;Timonius flavescens;Noctuidae sp1;1
Restored;Trois Freres;7;Tro_7;Timonius flavescens;1,0556;Timonius flavescens;Noctuidae sp2;1
Restored;Trois Freres;7;Tro_7;Timonius flavescens;1,0556;Timonius flavescens;Cerambycidae sp1;1
Restored;Trois Freres;8;Tro_8;Dillenia ferruginea;0,0444;Dillenia ferruginea;Lasioglossum mahense;1
Restored;Trois Freres;8;Tro_8;Dillenia ferruginea;0,0444;Dillenia ferruginea;Cratopus aurostriatus;1
Restored;Trois Freres;8;Tro_8;Dillenia ferruginea;0,0444;Dillenia ferruginea;Apis mellifera;3
Restored;Trois Freres;8;Tro_8;Erythroxylum sechellarum;0,3556;Erythroxylum sechellarum;Lasioglossum mahense;5
Restored;Trois Freres;8;Tro_8;Erythroxylum sechellarum;0,3556;Erythroxylum sechellarum;Apis mellifera;9
Restored;Trois Freres;8;Tro_8;Erythroxylum sechellarum;0,3556;Erythroxylum sechellarum;Atrichopogon yamabukiensis;1
Restored;Trois Freres;8;Tro_8;Memecylon elaeagni;0,1444;Memecylon elaeagni;Chalicodoma disjuncta;6
Restored;Trois Freres;8;Tro_8;Memecylon elaeagni;0,1444;Memecylon elaeagni;Apis mellifera;4
Restored;Trois Freres;8;Tro_8;Nephrosperma vanhoutteanum;2,9667;Nephrosperma vanhoutteanum;Dermestidae sp1;3
Restored;Trois Freres;8;Tro_8;Nephrosperma vanhoutteanum;2,9667;Nephrosperma vanhoutteanum;Rhiparida seychellensis;9
Restored;Trois Freres;8;Tro_8;Nephrosperma vanhoutteanum;2,9667;Nephrosperma vanhoutteanum;Lasioglossum mahense;36
Restored;Trois Freres;8;Tro_8;Nephrosperma vanhoutteanum;2,9667;Nephrosperma vanhoutteanum;Apis mellifera;30
Restored;Trois Freres;8;Tro_8;Nephrosperma vanhoutteanum;2,9667;Nephrosperma vanhoutteanum;Dichaetomyia fasciculifera;1
Restored;Trois Freres;8;Tro_8;Nephrosperma vanhoutteanum;2,9667;Nephrosperma vanhoutteanum;Polistes olivaceus;1
Restored;Trois Freres;8;Tro_8;Phoenicophorium borsigianum;0,1556;Phoenicophorium borsigianum;Rhiparida seychellensis;1
Restored;Trois Freres;8;Tro_8;Phoenicophorium borsigianum;0,1556;Phoenicophorium borsigianum;Lasioglossum mahense;12
Restored;Trois Freres;8;Tro_8;Phoenicophorium borsigianum;0,1556;Phoenicophorium borsigianum;Chalicodoma disjuncta;1
Restored;Trois Freres;8;Tro_8;Phoenicophorium borsigianum;0,1556;Phoenicophorium borsigianum;Apis mellifera;6
Restored;Trois Freres;8;Tro_8;Phoenicophorium borsigianum;0,1556;Phoenicophorium borsigianum;Scaptodrosophila undet sp1;1
Restored;Trois Freres;8;Tro_8;Phoenicophorium borsigianum;0,1556;Phoenicophorium borsigianum;Scaptodrosophila undet sp2;1
Restored;Trois Freres;8;Tro_8;Roscheria melanochaetes;0,3889;Roscheria melanochaetes;Apis mellifera;1
